# Time(s) Position(m) Velocity(m/s)
0.0000 4000.0000 0.0000
0.1000 3999.9020 0.9800
0.2000 3999.7060 1.9597
0.3000 3999.4122 2.9384
0.4000 3999.0206 3.9155
0.5000 3998.5316 4.8903
0.6000 3997.9454 5.8623
0.7000 3997.2623 6.8307
0.8000 3996.4828 7.7951
0.9000 3995.6073 8.7546
1.0000 3994.6364 9.7089
1.1000 3993.5707 10.6572
1.2000 3992.4108 11.5990
1.3000 3991.1574 12.5338
1.4000 3989.8113 13.4610
1.5000 3988.3733 14.3801
1.6000 3986.8443 15.2906
1.7000 3985.2251 16.1921
1.8000 3983.5167 17.0839
1.9000 3981.7201 17.9659
2.0000 3979.8363 18.8374
2.1000 3977.8665 19.6981
2.2000 3975.8118 20.5477
2.3000 3973.6732 21.3858
2.4000 3971.4520 22.2121
2.5000 3969.1493 23.0263
2.6000 3966.7665 23.8281
2.7000 3964.3048 24.6173
2.8000 3961.7654 25.3936
2.9000 3959.1497 26.1569
3.0000 3956.4590 26.9070
3.1000 3953.6947 27.6437
3.2000 3950.8580 28.3668
3.3000 3947.9503 29.0764
3.4000 3944.9731 29.7723
3.5000 3941.9277 30.4544
3.6000 3938.8154 31.1227
3.7000 3935.6377 31.7771
3.8000 3932.3959 32.4178
3.9000 3929.0915 33.0446
4.0000 3925.7257 33.6576
4.1000 3922.3000 34.2569
4.2000 3918.8158 34.8425
4.3000 3915.2743 35.4145
4.4000 3911.6770 35.9730
4.5000 3908.0252 36.5181
4.6000 3904.3202 37.0499
4.7000 3900.5634 37.5686
4.8000 3896.7559 38.0742
4.9000 3892.8992 38.5671
5.0000 3888.9945 39.0472
5.1000 3885.0430 39.5148
5.2000 3881.0460 39.9700
5.3000 3877.0047 40.4131
5.4000 3872.9203 40.8442
5.5000 3868.7939 41.2635
5.6000 3864.6268 41.6713
5.7000 3860.4200 42.0677
5.8000 3856.1748 42.4530
5.9000 3851.8920 42.8273
6.0000 3847.5729 43.1908
6.1000 3843.2185 43.5439
6.2000 3838.8299 43.8867
6.3000 3834.4079 44.2194
6.4000 3829.9537 44.5422
6.5000 3825.4682 44.8555
6.6000 3820.9522 45.1593
6.7000 3816.4069 45.4539
6.8000 3811.8329 45.7395
6.9000 3807.2313 46.0164
7.0000 3802.6028 46.2848
7.1000 3797.9483 46.5448
7.2000 3793.2686 46.7967
7.3000 3788.5646 47.0407
7.4000 3783.8369 47.2771
7.5000 3779.0863 47.5059
7.6000 3774.3135 47.7274
7.7000 3769.5193 47.9419
7.8000 3764.7044 48.1494
7.9000 3759.8694 48.3503
8.0000 3755.0149 48.5446
8.1000 3750.1417 48.7326
8.2000 3745.2502 48.9145
8.3000 3740.3412 49.0904
8.4000 3735.4151 49.2605
8.5000 3730.4726 49.4250
8.6000 3725.5142 49.5840
8.7000 3720.5405 49.7377
8.8000 3715.5518 49.8863
8.9000 3710.5488 50.0299
9.0000 3705.5320 50.1687
9.1000 3700.5017 50.3029
9.2000 3695.4584 50.4325
9.3000 3690.4027 50.5577
9.4000 3685.3348 50.6786
9.5000 3680.2552 50.7955
9.6000 3675.1644 50.9083
9.7000 3670.0627 51.0173
9.8000 3664.9504 51.1226
9.9000 3659.8280 51.2243
10.0000 3654.6957 51.3224
10.1000 3649.5540 51.4172
10.2000 3644.4032 51.5087
10.3000 3639.2435 51.5970
10.4000 3634.0752 51.6823
10.5000 3628.8988 51.7646
10.6000 3623.7143 51.8441
10.7000 3618.5223 51.9208
10.8000 3613.3228 51.9948
10.9000 3608.1162 52.0662
11.0000 3602.9026 52.1352
11.1000 3597.6825 52.2017
11.2000 3592.4559 52.2659
11.3000 3587.2231 52.3278
11.4000 3581.9844 52.3876
11.5000 3576.7398 52.4452
11.6000 3571.4898 52.5008
11.7000 3566.2343 52.5545
11.8000 3560.9737 52.6063
11.9000 3555.7081 52.6562
12.0000 3550.4376 52.7044
12.1000 3545.1625 52.7508
12.2000 3539.8830 52.7956
12.3000 3534.5991 52.8389
12.4000 3529.3110 52.8806
12.5000 3524.0190 52.9208
12.6000 3518.7230 52.9595
12.7000 3513.4233 52.9969
12.8000 3508.1200 53.0330
12.9000 3502.8132 53.0678
13.0000 3497.5031 53.1013
13.1000 3492.1897 53.1337
13.2000 3486.8732 53.1649
13.3000 3481.5538 53.1950
13.4000 3476.2314 53.2240
13.5000 3470.9062 53.2519
13.6000 3465.5783 53.2789
13.7000 3460.2478 53.3049
13.8000 3454.9148 53.3300
13.9000 3449.5794 53.3541
14.0000 3444.2416 53.3774
14.1000 3438.9016 53.3999
14.2000 3433.5595 53.4216
14.3000 3428.2152 53.4424
14.4000 3422.8690 53.4626
14.5000 3417.5208 53.4820
14.6000 3412.1707 53.5007
14.7000 3406.8188 53.5187
14.8000 3401.4652 53.5361
14.9000 3396.1099 53.5529
15.0000 3390.7530 53.5690
15.1000 3385.3946 53.5846
15.2000 3380.0346 53.5996
15.3000 3374.6732 53.6141
15.4000 3369.3104 53.6281
15.5000 3363.9462 53.6415
15.6000 3358.5808 53.6545
15.7000 3353.2141 53.6670
15.8000 3347.8462 53.6790
15.9000 3342.4771 53.6907
16.0000 3337.1069 53.7019
16.1000 3331.7357 53.7127
16.2000 3326.3634 53.7231
16.3000 3320.9901 53.7331
16.4000 3315.6158 53.7427
16.5000 3310.2406 53.7521
16.6000 3304.8645 53.7610
16.7000 3299.4875 53.7697
16.8000 3294.1097 53.7780
16.9000 3288.7311 53.7861
17.0000 3283.3517 53.7938
17.1000 3277.9716 53.8013
17.2000 3272.5907 53.8085
17.3000 3267.2092 53.8154
17.4000 3261.8270 53.8221
17.5000 3256.4441 53.8286
17.6000 3251.0606 53.8348
17.7000 3245.6766 53.8408
17.8000 3240.2919 53.8465
17.9000 3234.9067 53.8521
18.0000 3229.5210 53.8575
18.1000 3224.1347 53.8626
18.2000 3218.7479 53.8676
18.3000 3213.3607 53.8724
18.4000 3207.9730 53.8770
18.5000 3202.5848 53.8815
18.6000 3197.1963 53.8858
18.7000 3191.8073 53.8899
18.8000 3186.4179 53.8939
18.9000 3181.0281 53.8978
19.0000 3175.6380 53.9015
19.1000 3170.2475 53.9050
19.2000 3164.8566 53.9085
19.3000 3159.4654 53.9118
19.4000 3154.0739 53.9150
19.5000 3148.6821 53.9181
19.6000 3143.2900 53.9211
19.7000 3137.8976 53.9239
19.8000 3132.5049 53.9267
19.9000 3127.1120 53.9293
20.0000 3121.7188 53.9319
20.1000 3116.3254 53.9344
20.2000 3110.9317 53.9368
20.3000 3105.5378 53.9390
20.4000 3100.1437 53.9413
20.5000 3094.7493 53.9434
20.6000 3089.3548 53.9454
20.7000 3083.9601 53.9474
20.8000 3078.5651 53.9493
20.9000 3073.1700 53.9512
21.0000 3067.7747 53.9529
21.1000 3062.3792 53.9546
21.2000 3056.9836 53.9563
21.3000 3051.5878 53.9579
21.4000 3046.1919 53.9594
21.5000 3040.7958 53.9609
21.6000 3035.3996 53.9623
21.7000 3030.0032 53.9637
21.8000 3024.6067 53.9650
21.9000 3019.2101 53.9663
22.0000 3013.8133 53.9675
22.1000 3008.4165 53.9687
22.2000 3003.0195 53.9698
22.3000 2997.6224 53.9709
22.4000 2992.2252 53.9719
22.5000 2986.8279 53.9730
22.6000 2981.4305 53.9739
22.7000 2976.0330 53.9749
22.8000 2970.6354 53.9758
22.9000 2965.2378 53.9767
23.0000 2959.8400 53.9775
23.1000 2954.4422 53.9783
23.2000 2949.0443 53.9791
23.3000 2943.6463 53.9799
23.4000 2938.2482 53.9806
23.5000 2932.8501 53.9813
23.6000 2927.4519 53.9820
23.7000 2922.0536 53.9827
23.8000 2916.6553 53.9833
23.9000 2911.2569 53.9839
24.0000 2905.8585 53.9845
24.1000 2900.4600 53.9850
24.2000 2895.0614 53.9856
24.3000 2889.6628 53.9861
24.4000 2884.2641 53.9866
24.5000 2878.8654 53.9871
24.6000 2873.4667 53.9876
24.7000 2868.0679 53.9880
24.8000 2862.6690 53.9884
24.9000 2857.2701 53.9889
25.0000 2851.8712 53.9893
25.1000 2846.4722 53.9897
25.2000 2841.0732 53.9900
25.3000 2835.6742 53.9904
25.4000 2830.2751 53.9907
25.5000 2824.8760 53.9911
25.6000 2819.4769 53.9914
25.7000 2814.0777 53.9917
25.8000 2808.6785 53.9920
25.9000 2803.2793 53.9923
26.0000 2797.8800 53.9926
26.1000 2792.4807 53.9929
26.2000 2787.0814 53.9931
26.3000 2781.6821 53.9934
26.4000 2776.2827 53.9936
26.5000 2770.8833 53.9938
26.6000 2765.4839 53.9941
26.7000 2760.0845 53.9943
26.8000 2754.6850 53.9945
26.9000 2749.2856 53.9947
27.0000 2743.8861 53.9949
27.1000 2738.4866 53.9951
27.2000 2733.0871 53.9952
27.3000 2727.6875 53.9954
27.4000 2722.2880 53.9956
27.5000 2716.8884 53.9957
27.6000 2711.4888 53.9959
27.7000 2706.0892 53.9960
27.8000 2700.6896 53.9962
27.9000 2695.2899 53.9963
28.0000 2689.8903 53.9965
28.1000 2684.4906 53.9966
28.2000 2679.0910 53.9967
28.3000 2673.6913 53.9968
28.4000 2668.2916 53.9969
28.5000 2662.8919 53.9971
28.6000 2657.4922 53.9972
28.7000 2652.0924 53.9973
28.8000 2646.6927 53.9974
28.9000 2641.2929 53.9975
29.0000 2635.8932 53.9976
29.1000 2630.4934 53.9976
29.2000 2625.0937 53.9977
29.3000 2619.6939 53.9978
29.4000 2614.2941 53.9979
29.5000 2608.8943 53.9980
29.6000 2603.4945 53.9980
29.7000 2598.0947 53.9981
29.8000 2592.6949 53.9982
29.9000 2587.2950 53.9982
30.0000 2581.8952 53.9983
30.1000 2576.4954 53.9984
30.2000 2571.0955 53.9984
30.3000 2565.6957 53.9985
30.4000 2560.2958 53.9985
30.5000 2554.8960 53.9986
30.6000 2549.4961 53.9986
30.7000 2544.0962 53.9987
30.8000 2538.6963 53.9987
30.9000 2533.2965 53.9988
31.0000 2527.8966 53.9988
31.1000 2522.4967 53.9989
31.2000 2517.0968 53.9989
31.3000 2511.6969 53.9990
31.4000 2506.2970 53.9990
31.5000 2500.8971 53.9990
31.6000 2495.4972 53.9991
31.7000 2490.0973 53.9991
31.8000 2484.6974 53.9991
31.9000 2479.2975 53.9992
32.0000 2473.8975 53.9992
32.1000 2468.4976 53.9992
32.2000 2463.0977 53.9993
32.3000 2457.6978 53.9993
32.4000 2452.2978 53.9993
32.5000 2446.8979 53.9993
32.6000 2441.4980 53.9994
32.7000 2436.0980 53.9994
32.8000 2430.6981 53.9994
32.9000 2425.2981 53.9994
33.0000 2419.8982 53.9994
33.1000 2414.4983 53.9995
33.2000 2409.0983 53.9995
33.3000 2403.6984 53.9995
33.4000 2398.2984 53.9995
33.5000 2392.8985 53.9995
33.6000 2387.4985 53.9996
33.7000 2382.0985 53.9996
33.8000 2376.6986 53.9996
33.9000 2371.2986 53.9996
34.0000 2365.8987 53.9996
34.1000 2360.4987 53.9996
34.2000 2355.0987 53.9996
34.3000 2349.6988 53.9997
34.4000 2344.2988 53.9997
34.5000 2338.8988 53.9997
34.6000 2333.4989 53.9997
34.7000 2328.0989 53.9997
34.8000 2322.6989 53.9997
34.9000 2317.2990 53.9997
35.0000 2311.8990 53.9997
35.1000 2306.4990 53.9997
35.2000 2301.0990 53.9998
35.3000 2295.6991 53.9998
35.4000 2290.2991 53.9998
35.5000 2284.8991 53.9998
35.6000 2279.4991 53.9998
35.7000 2274.0991 53.9998
35.8000 2268.6992 53.9998
35.9000 2263.2992 53.9998
36.0000 2257.8992 53.9998
36.1000 2252.4992 53.9998
36.2000 2247.0992 53.9998
36.3000 2241.6992 53.9998
36.4000 2236.2993 53.9998
36.5000 2230.8993 53.9998
36.6000 2225.4993 53.9999
36.7000 2220.0993 53.9999
36.8000 2214.6993 53.9999
36.9000 2209.2993 53.9999
37.0000 2203.8993 53.9999
37.1000 2198.4994 53.9999
37.2000 2193.0994 53.9999
37.3000 2187.6994 53.9999
37.4000 2182.2994 53.9999
37.5000 2176.8994 53.9999
37.6000 2171.4994 53.9999
37.7000 2166.0994 53.9999
37.8000 2160.6994 53.9999
37.9000 2155.2994 53.9999
38.0000 2149.8995 53.9999
38.1000 2144.4995 53.9999
38.2000 2139.0995 53.9999
38.3000 2133.6995 53.9999
38.4000 2128.2995 53.9999
38.5000 2122.8995 53.9999
38.6000 2117.4995 53.9999
38.7000 2112.0995 53.9999
38.8000 2106.6995 53.9999
38.9000 2101.2995 53.9999
39.0000 2095.8995 53.9999
39.1000 2090.4995 53.9999
39.2000 2085.0995 53.9999
39.3000 2079.6995 53.9999
39.4000 2074.2995 53.9999
39.5000 2068.8996 53.9999
39.6000 2063.4996 54.0000
39.7000 2058.0996 54.0000
39.8000 2052.6996 54.0000
39.9000 2047.2996 54.0000
40.0000 2041.8996 54.0000
40.1000 2036.4996 54.0000
40.2000 2031.0996 54.0000
40.3000 2025.6996 54.0000
40.4000 2020.2996 54.0000
40.5000 2014.8996 54.0000
40.6000 2009.4996 54.0000
40.7000 2004.0996 54.0000
40.8000 1998.6996 54.0000
40.9000 1993.2996 54.0000
41.0000 1987.8996 54.0000
41.1000 1982.4996 54.0000
41.2000 1977.0996 54.0000
41.3000 1971.6996 54.0000
41.4000 1966.2996 54.0000
41.5000 1960.8996 54.0000
41.6000 1955.4996 54.0000
41.7000 1950.0996 54.0000
41.8000 1944.6996 54.0000
41.9000 1939.2996 54.0000
42.0000 1933.8996 54.0000
42.1000 1928.4996 54.0000
42.2000 1923.0996 54.0000
42.3000 1917.6996 54.0000
42.4000 1912.2996 54.0000
42.5000 1906.8996 54.0000
42.6000 1901.4996 54.0000
42.7000 1896.0996 54.0000
42.8000 1890.6996 54.0000
42.9000 1885.2996 54.0000
43.0000 1879.8996 54.0000
43.1000 1874.4996 54.0000
43.2000 1869.0997 54.0000
43.3000 1863.6997 54.0000
43.4000 1858.2997 54.0000
43.5000 1852.8997 54.0000
43.6000 1847.4997 54.0000
43.7000 1842.0997 54.0000
43.8000 1836.6997 54.0000
43.9000 1831.2997 54.0000
44.0000 1825.8997 54.0000
44.1000 1820.4997 54.0000
44.2000 1815.0997 54.0000
44.3000 1809.6997 54.0000
44.4000 1804.2997 54.0000
44.5000 1798.8997 54.0000
44.6000 1793.4997 54.0000
44.7000 1788.0997 54.0000
44.8000 1782.6997 54.0000
44.9000 1777.2997 54.0000
45.0000 1771.8997 54.0000
45.1000 1766.4997 54.0000
45.2000 1761.0997 54.0000
45.3000 1755.6997 54.0000
45.4000 1750.2997 54.0000
45.5000 1744.8997 54.0000
45.6000 1739.4997 54.0000
45.7000 1734.0997 54.0000
45.8000 1728.6997 54.0000
45.9000 1723.2997 54.0000
46.0000 1717.8997 54.0000
46.1000 1712.4997 54.0000
46.2000 1707.0997 54.0000
46.3000 1701.6997 54.0000
46.4000 1696.2997 54.0000
46.5000 1690.8997 54.0000
46.6000 1685.4997 54.0000
46.7000 1680.0997 54.0000
46.8000 1674.6997 54.0000
46.9000 1669.2997 54.0000
47.0000 1663.8997 54.0000
47.1000 1658.4997 54.0000
47.2000 1653.0997 54.0000
47.3000 1647.6997 54.0000
47.4000 1642.2997 54.0000
47.5000 1636.8997 54.0000
47.6000 1631.4997 54.0000
47.7000 1626.0997 54.0000
47.8000 1620.6997 54.0000
47.9000 1615.2997 54.0000
48.0000 1609.8997 54.0000
48.1000 1604.4997 54.0000
48.2000 1599.0997 54.0000
48.3000 1593.6997 54.0000
48.4000 1588.2997 54.0000
48.5000 1582.8997 54.0000
48.6000 1577.4997 54.0000
48.7000 1572.0997 54.0000
48.8000 1566.6997 54.0000
48.9000 1561.2997 54.0000
49.0000 1555.8997 54.0000
49.1000 1550.4997 54.0000
49.2000 1545.0997 54.0000
49.3000 1539.6997 54.0000
49.4000 1534.2997 54.0000
49.5000 1528.8997 54.0000
49.6000 1523.4997 54.0000
49.7000 1518.0997 54.0000
49.8000 1512.6997 54.0000
49.9000 1507.2997 54.0000
50.0000 1501.8997 54.0000
50.1000 1496.4997 54.0000
50.2000 1491.0997 54.0000
50.3000 1485.6997 54.0000
50.4000 1480.2997 54.0000
50.5000 1474.8997 54.0000
50.6000 1469.4997 54.0000
50.7000 1464.0997 54.0000
50.8000 1458.6997 54.0000
50.9000 1453.2997 54.0000
51.0000 1447.8997 54.0000
51.1000 1442.4997 54.0000
51.2000 1437.0997 54.0000
51.3000 1431.6997 54.0000
51.4000 1426.2997 54.0000
51.5000 1420.8997 54.0000
51.6000 1415.4997 54.0000
51.7000 1410.0997 54.0000
51.8000 1404.6997 54.0000
51.9000 1399.2997 54.0000
52.0000 1393.8997 54.0000
52.1000 1388.4997 54.0000
52.2000 1383.0997 54.0000
52.3000 1377.6997 54.0000
52.4000 1372.2997 54.0000
52.5000 1366.8997 54.0000
52.6000 1361.4997 54.0000
52.7000 1356.0997 54.0000
52.8000 1350.6997 54.0000
52.9000 1345.2997 54.0000
53.0000 1339.8997 54.0000
53.1000 1334.4997 54.0000
53.2000 1329.0997 54.0000
53.3000 1323.6997 54.0000
53.4000 1318.2997 54.0000
53.5000 1312.8997 54.0000
53.6000 1307.4997 54.0000
53.7000 1302.0997 54.0000
53.8000 1296.6997 54.0000
53.9000 1291.2997 54.0000
54.0000 1285.8997 54.0000
54.1000 1280.4997 54.0000
54.2000 1275.0997 54.0000
54.3000 1269.6997 54.0000
54.4000 1264.2997 54.0000
54.5000 1258.8997 54.0000
54.6000 1253.4997 54.0000
54.7000 1248.0997 54.0000
54.8000 1242.6997 54.0000
54.9000 1237.2997 54.0000
55.0000 1231.8997 54.0000
55.1000 1226.4997 54.0000
55.2000 1221.0997 54.0000
55.3000 1215.6997 54.0000
55.4000 1210.2997 54.0000
55.5000 1204.8997 54.0000
55.6000 1199.4997 54.0000
55.6010 1199.4457 54.0000
55.6020 1199.3917 54.0000
55.6030 1199.3377 54.0000
55.6040 1199.2837 54.0000
55.6050 1199.2297 53.9999
55.6060 1199.1757 53.9999
55.6070 1199.1217 53.9999
55.6080 1199.0677 53.9998
55.6090 1199.0137 53.9998
55.6100 1198.9597 53.9997
55.6110 1198.9057 53.9997
55.6120 1198.8517 53.9996
55.6130 1198.7977 53.9996
55.6140 1198.7437 53.9995
55.6150 1198.6897 53.9994
55.6160 1198.6357 53.9993
55.6170 1198.5817 53.9992
55.6180 1198.5277 53.9991
55.6190 1198.4737 53.9990
55.6200 1198.4197 53.9989
55.6210 1198.3657 53.9988
55.6220 1198.3117 53.9987
55.6230 1198.2577 53.9986
55.6240 1198.2037 53.9984
55.6250 1198.1497 53.9983
55.6260 1198.0957 53.9982
55.6270 1198.0417 53.9980
55.6280 1197.9877 53.9979
55.6290 1197.9337 53.9977
55.6300 1197.8797 53.9975
55.6310 1197.8257 53.9974
55.6320 1197.7717 53.9972
55.6330 1197.7177 53.9970
55.6340 1197.6637 53.9968
55.6350 1197.6097 53.9966
55.6360 1197.5557 53.9964
55.6370 1197.5017 53.9962
55.6380 1197.4477 53.9960
55.6390 1197.3937 53.9958
55.6400 1197.3397 53.9956
55.6410 1197.2857 53.9954
55.6420 1197.2318 53.9951
55.6430 1197.1778 53.9949
55.6440 1197.1238 53.9946
55.6450 1197.0698 53.9944
55.6460 1197.0158 53.9941
55.6470 1196.9618 53.9939
55.6480 1196.9078 53.9936
55.6490 1196.8538 53.9933
55.6500 1196.7998 53.9931
55.6510 1196.7458 53.9928
55.6520 1196.6918 53.9925
55.6530 1196.6378 53.9922
55.6540 1196.5838 53.9919
55.6550 1196.5298 53.9916
55.6560 1196.4759 53.9913
55.6570 1196.4219 53.9910
55.6580 1196.3679 53.9906
55.6590 1196.3139 53.9903
55.6600 1196.2599 53.9900
55.6610 1196.2059 53.9896
55.6620 1196.1519 53.9893
55.6630 1196.0979 53.9889
55.6640 1196.0439 53.9886
55.6650 1195.9899 53.9882
55.6660 1195.9360 53.9878
55.6670 1195.8820 53.9874
55.6680 1195.8280 53.9871
55.6690 1195.7740 53.9867
55.6700 1195.7200 53.9863
55.6710 1195.6660 53.9859
55.6720 1195.6120 53.9855
55.6730 1195.5581 53.9851
55.6740 1195.5041 53.9846
55.6750 1195.4501 53.9842
55.6760 1195.3961 53.9838
55.6770 1195.3421 53.9834
55.6780 1195.2881 53.9829
55.6790 1195.2342 53.9825
55.6800 1195.1802 53.9820
55.6810 1195.1262 53.9816
55.6820 1195.0722 53.9811
55.6830 1195.0182 53.9806
55.6840 1194.9642 53.9802
55.6850 1194.9103 53.9797
55.6860 1194.8563 53.9792
55.6870 1194.8023 53.9787
55.6880 1194.7483 53.9782
55.6890 1194.6944 53.9777
55.6900 1194.6404 53.9772
55.6910 1194.5864 53.9767
55.6920 1194.5324 53.9761
55.6930 1194.4784 53.9756
55.6940 1194.4245 53.9751
55.6950 1194.3705 53.9745
55.6960 1194.3165 53.9740
55.6970 1194.2625 53.9734
55.6980 1194.2086 53.9729
55.6990 1194.1546 53.9723
55.7000 1194.1006 53.9717
55.7010 1194.0467 53.9712
55.7020 1193.9927 53.9706
55.7030 1193.9387 53.9700
55.7040 1193.8848 53.9694
55.7050 1193.8308 53.9688
55.7060 1193.7768 53.9682
55.7070 1193.7228 53.9676
55.7080 1193.6689 53.9670
55.7090 1193.6149 53.9664
55.7100 1193.5609 53.9657
55.7110 1193.5070 53.9651
55.7120 1193.4530 53.9644
55.7130 1193.3991 53.9638
55.7140 1193.3451 53.9631
55.7150 1193.2911 53.9625
55.7160 1193.2372 53.9618
55.7170 1193.1832 53.9612
55.7180 1193.1292 53.9605
55.7190 1193.0753 53.9598
55.7200 1193.0213 53.9591
55.7210 1192.9674 53.9584
55.7220 1192.9134 53.9577
55.7230 1192.8595 53.9570
55.7240 1192.8055 53.9563
55.7250 1192.7515 53.9556
55.7260 1192.6976 53.9549
55.7270 1192.6436 53.9541
55.7280 1192.5897 53.9534
55.7290 1192.5357 53.9526
55.7300 1192.4818 53.9519
55.7310 1192.4278 53.9511
55.7320 1192.3739 53.9504
55.7330 1192.3199 53.9496
55.7340 1192.2660 53.9488
55.7350 1192.2120 53.9481
55.7360 1192.1581 53.9473
55.7370 1192.1041 53.9465
55.7380 1192.0502 53.9457
55.7390 1191.9962 53.9449
55.7400 1191.9423 53.9441
55.7410 1191.8884 53.9433
55.7420 1191.8344 53.9425
55.7430 1191.7805 53.9416
55.7440 1191.7265 53.9408
55.7450 1191.6726 53.9400
55.7460 1191.6187 53.9391
55.7470 1191.5647 53.9383
55.7480 1191.5108 53.9374
55.7490 1191.4568 53.9365
55.7500 1191.4029 53.9357
55.7510 1191.3490 53.9348
55.7520 1191.2950 53.9339
55.7530 1191.2411 53.9330
55.7540 1191.1872 53.9321
55.7550 1191.1332 53.9312
55.7560 1191.0793 53.9303
55.7570 1191.0254 53.9294
55.7580 1190.9714 53.9285
55.7590 1190.9175 53.9276
55.7600 1190.8636 53.9267
55.7610 1190.8097 53.9257
55.7620 1190.7557 53.9248
55.7630 1190.7018 53.9238
55.7640 1190.6479 53.9229
55.7650 1190.5940 53.9219
55.7660 1190.5401 53.9210
55.7670 1190.4861 53.9200
55.7680 1190.4322 53.9190
55.7690 1190.3783 53.9180
55.7700 1190.3244 53.9170
55.7710 1190.2705 53.9160
55.7720 1190.2165 53.9150
55.7730 1190.1626 53.9140
55.7740 1190.1087 53.9130
55.7750 1190.0548 53.9120
55.7760 1190.0009 53.9110
55.7770 1189.9470 53.9099
55.7780 1189.8931 53.9089
55.7790 1189.8392 53.9079
55.7800 1189.7853 53.9068
55.7810 1189.7314 53.9058
55.7820 1189.6775 53.9047
55.7830 1189.6236 53.9036
55.7840 1189.5696 53.9026
55.7850 1189.5157 53.9015
55.7860 1189.4618 53.9004
55.7870 1189.4079 53.8993
55.7880 1189.3540 53.8982
55.7890 1189.3002 53.8971
55.7900 1189.2463 53.8960
55.7910 1189.1924 53.8949
55.7920 1189.1385 53.8937
55.7930 1189.0846 53.8926
55.7940 1189.0307 53.8915
55.7950 1188.9768 53.8903
55.7960 1188.9229 53.8892
55.7970 1188.8690 53.8880
55.7980 1188.8151 53.8869
55.7990 1188.7612 53.8857
55.8000 1188.7074 53.8845
55.8010 1188.6535 53.8833
55.8020 1188.5996 53.8821
55.8030 1188.5457 53.8810
55.8040 1188.4918 53.8798
55.8050 1188.4380 53.8785
55.8060 1188.3841 53.8773
55.8070 1188.3302 53.8761
55.8080 1188.2763 53.8749
55.8090 1188.2225 53.8737
55.8100 1188.1686 53.8724
55.8110 1188.1147 53.8712
55.8120 1188.0608 53.8699
55.8130 1188.0070 53.8687
55.8140 1187.9531 53.8674
55.8150 1187.8992 53.8662
55.8160 1187.8454 53.8649
55.8170 1187.7915 53.8636
55.8180 1187.7376 53.8623
55.8190 1187.6838 53.8610
55.8200 1187.6299 53.8597
55.8210 1187.5761 53.8584
55.8220 1187.5222 53.8571
55.8230 1187.4684 53.8558
55.8240 1187.4145 53.8545
55.8250 1187.3606 53.8531
55.8260 1187.3068 53.8518
55.8270 1187.2529 53.8505
55.8280 1187.1991 53.8491
55.8290 1187.1452 53.8478
55.8300 1187.0914 53.8464
55.8310 1187.0376 53.8450
55.8320 1186.9837 53.8437
55.8330 1186.9299 53.8423
55.8340 1186.8760 53.8409
55.8350 1186.8222 53.8395
55.8360 1186.7684 53.8381
55.8370 1186.7145 53.8367
55.8380 1186.6607 53.8353
55.8390 1186.6068 53.8339
55.8400 1186.5530 53.8324
55.8410 1186.4992 53.8310
55.8420 1186.4454 53.8296
55.8430 1186.3915 53.8281
55.8440 1186.3377 53.8267
55.8450 1186.2839 53.8252
55.8460 1186.2300 53.8238
55.8470 1186.1762 53.8223
55.8480 1186.1224 53.8208
55.8490 1186.0686 53.8193
55.8500 1186.0148 53.8179
55.8510 1185.9610 53.8164
55.8520 1185.9071 53.8149
55.8530 1185.8533 53.8134
55.8540 1185.7995 53.8118
55.8550 1185.7457 53.8103
55.8560 1185.6919 53.8088
55.8570 1185.6381 53.8073
55.8580 1185.5843 53.8057
55.8590 1185.5305 53.8042
55.8600 1185.4767 53.8026
55.8610 1185.4229 53.8011
55.8620 1185.3691 53.7995
55.8630 1185.3153 53.7979
55.8640 1185.2615 53.7964
55.8650 1185.2077 53.7948
55.8660 1185.1539 53.7932
55.8670 1185.1001 53.7916
55.8680 1185.0463 53.7900
55.8690 1184.9925 53.7884
55.8700 1184.9387 53.7868
55.8710 1184.8849 53.7852
55.8720 1184.8312 53.7835
55.8730 1184.7774 53.7819
55.8740 1184.7236 53.7803
55.8750 1184.6698 53.7786
55.8760 1184.6160 53.7770
55.8770 1184.5623 53.7753
55.8780 1184.5085 53.7736
55.8790 1184.4547 53.7720
55.8800 1184.4010 53.7703
55.8810 1184.3472 53.7686
55.8820 1184.2934 53.7669
55.8830 1184.2397 53.7652
55.8840 1184.1859 53.7635
55.8850 1184.1321 53.7618
55.8860 1184.0784 53.7601
55.8870 1184.0246 53.7584
55.8880 1183.9709 53.7566
55.8890 1183.9171 53.7549
55.8900 1183.8633 53.7531
55.8910 1183.8096 53.7514
55.8920 1183.7558 53.7496
55.8930 1183.7021 53.7479
55.8940 1183.6484 53.7461
55.8950 1183.5946 53.7443
55.8960 1183.5409 53.7425
55.8970 1183.4871 53.7408
55.8980 1183.4334 53.7390
55.8990 1183.3796 53.7372
55.9000 1183.3259 53.7354
55.9010 1183.2722 53.7335
55.9020 1183.2184 53.7317
55.9030 1183.1647 53.7299
55.9040 1183.1110 53.7281
55.9050 1183.0573 53.7262
55.9060 1183.0035 53.7244
55.9070 1182.9498 53.7225
55.9080 1182.8961 53.7207
55.9090 1182.8424 53.7188
55.9100 1182.7887 53.7169
55.9110 1182.7349 53.7150
55.9120 1182.6812 53.7132
55.9130 1182.6275 53.7113
55.9140 1182.5738 53.7094
55.9150 1182.5201 53.7075
55.9160 1182.4664 53.7055
55.9170 1182.4127 53.7036
55.9180 1182.3590 53.7017
55.9190 1182.3053 53.6998
55.9200 1182.2516 53.6978
55.9210 1182.1979 53.6959
55.9220 1182.1442 53.6939
55.9230 1182.0905 53.6920
55.9240 1182.0368 53.6900
55.9250 1181.9831 53.6880
55.9260 1181.9294 53.6861
55.9270 1181.8758 53.6841
55.9280 1181.8221 53.6821
55.9290 1181.7684 53.6801
55.9300 1181.7147 53.6781
55.9310 1181.6610 53.6761
55.9320 1181.6074 53.6741
55.9330 1181.5537 53.6720
55.9340 1181.5000 53.6700
55.9350 1181.4464 53.6680
55.9360 1181.3927 53.6659
55.9370 1181.3390 53.6639
55.9380 1181.2854 53.6618
55.9390 1181.2317 53.6598
55.9400 1181.1781 53.6577
55.9410 1181.1244 53.6556
55.9420 1181.0707 53.6535
55.9430 1181.0171 53.6514
55.9440 1180.9634 53.6493
55.9450 1180.9098 53.6472
55.9460 1180.8562 53.6451
55.9470 1180.8025 53.6430
55.9480 1180.7489 53.6409
55.9490 1180.6952 53.6388
55.9500 1180.6416 53.6366
55.9510 1180.5880 53.6345
55.9520 1180.5343 53.6323
55.9530 1180.4807 53.6302
55.9540 1180.4271 53.6280
55.9550 1180.3734 53.6258
55.9560 1180.3198 53.6237
55.9570 1180.2662 53.6215
55.9580 1180.2126 53.6193
55.9590 1180.1590 53.6171
55.9600 1180.1053 53.6149
55.9610 1180.0517 53.6127
55.9620 1179.9981 53.6105
55.9630 1179.9445 53.6082
55.9640 1179.8909 53.6060
55.9650 1179.8373 53.6038
55.9660 1179.7837 53.6015
55.9670 1179.7301 53.5993
55.9680 1179.6765 53.5970
55.9690 1179.6229 53.5948
55.9700 1179.5693 53.5925
55.9710 1179.5157 53.5902
55.9720 1179.4621 53.5879
55.9730 1179.4086 53.5856
55.9740 1179.3550 53.5833
55.9750 1179.3014 53.5810
55.9760 1179.2478 53.5787
55.9770 1179.1942 53.5764
55.9780 1179.1407 53.5741
55.9790 1179.0871 53.5718
55.9800 1179.0335 53.5694
55.9810 1178.9800 53.5671
55.9820 1178.9264 53.5647
55.9830 1178.8728 53.5624
55.9840 1178.8193 53.5600
55.9850 1178.7657 53.5576
55.9860 1178.7122 53.5553
55.9870 1178.6586 53.5529
55.9880 1178.6051 53.5505
55.9890 1178.5515 53.5481
55.9900 1178.4980 53.5457
55.9910 1178.4444 53.5433
55.9920 1178.3909 53.5408
55.9930 1178.3373 53.5384
55.9940 1178.2838 53.5360
55.9950 1178.2303 53.5336
55.9960 1178.1767 53.5311
55.9970 1178.1232 53.5287
55.9980 1178.0697 53.5262
55.9990 1178.0162 53.5237
56.0000 1177.9626 53.5213
56.0010 1177.9091 53.5188
56.0020 1177.8556 53.5163
56.0030 1177.8021 53.5138
56.0040 1177.7486 53.5113
56.0050 1177.6951 53.5088
56.0060 1177.6416 53.5063
56.0070 1177.5881 53.5038
56.0080 1177.5346 53.5012
56.0090 1177.4811 53.4987
56.0100 1177.4276 53.4962
56.0110 1177.3741 53.4936
56.0120 1177.3206 53.4911
56.0130 1177.2671 53.4885
56.0140 1177.2136 53.4859
56.0150 1177.1601 53.4833
56.0160 1177.1066 53.4808
56.0170 1177.0532 53.4782
56.0180 1176.9997 53.4756
56.0190 1176.9462 53.4730
56.0200 1176.8927 53.4704
56.0210 1176.8393 53.4678
56.0220 1176.7858 53.4651
56.0230 1176.7323 53.4625
56.0240 1176.6789 53.4599
56.0250 1176.6254 53.4572
56.0260 1176.5720 53.4546
56.0270 1176.5185 53.4519
56.0280 1176.4651 53.4492
56.0290 1176.4116 53.4466
56.0300 1176.3582 53.4439
56.0310 1176.3047 53.4412
56.0320 1176.2513 53.4385
56.0330 1176.1979 53.4358
56.0340 1176.1444 53.4331
56.0350 1176.0910 53.4304
56.0360 1176.0376 53.4277
56.0370 1175.9841 53.4250
56.0380 1175.9307 53.4222
56.0390 1175.8773 53.4195
56.0400 1175.8239 53.4167
56.0410 1175.7705 53.4140
56.0420 1175.7171 53.4112
56.0430 1175.6637 53.4084
56.0440 1175.6103 53.4057
56.0450 1175.5568 53.4029
56.0460 1175.5034 53.4001
56.0470 1175.4501 53.3973
56.0480 1175.3967 53.3945
56.0490 1175.3433 53.3917
56.0500 1175.2899 53.3889
56.0510 1175.2365 53.3861
56.0520 1175.1831 53.3832
56.0530 1175.1297 53.3804
56.0540 1175.0763 53.3775
56.0550 1175.0230 53.3747
56.0560 1174.9696 53.3718
56.0570 1174.9162 53.3690
56.0580 1174.8629 53.3661
56.0590 1174.8095 53.3632
56.0600 1174.7561 53.3603
56.0610 1174.7028 53.3574
56.0620 1174.6494 53.3545
56.0630 1174.5961 53.3516
56.0640 1174.5427 53.3487
56.0650 1174.4894 53.3458
56.0660 1174.4360 53.3429
56.0670 1174.3827 53.3399
56.0680 1174.3294 53.3370
56.0690 1174.2760 53.3340
56.0700 1174.2227 53.3311
56.0710 1174.1694 53.3281
56.0720 1174.1160 53.3251
56.0730 1174.0627 53.3222
56.0740 1174.0094 53.3192
56.0750 1173.9561 53.3162
56.0760 1173.9028 53.3132
56.0770 1173.8495 53.3102
56.0780 1173.7962 53.3072
56.0790 1173.7429 53.3041
56.0800 1173.6896 53.3011
56.0810 1173.6363 53.2981
56.0820 1173.5830 53.2950
56.0830 1173.5297 53.2920
56.0840 1173.4764 53.2889
56.0850 1173.4231 53.2859
56.0860 1173.3698 53.2828
56.0870 1173.3165 53.2797
56.0880 1173.2633 53.2766
56.0890 1173.2100 53.2736
56.0900 1173.1567 53.2705
56.0910 1173.1034 53.2673
56.0920 1173.0502 53.2642
56.0930 1172.9969 53.2611
56.0940 1172.9437 53.2580
56.0950 1172.8904 53.2549
56.0960 1172.8372 53.2517
56.0970 1172.7839 53.2486
56.0980 1172.7307 53.2454
56.0990 1172.6774 53.2423
56.1000 1172.6242 53.2391
56.1010 1172.5709 53.2359
56.1020 1172.5177 53.2327
56.1030 1172.4645 53.2295
56.1040 1172.4113 53.2263
56.1050 1172.3580 53.2231
56.1060 1172.3048 53.2199
56.1070 1172.2516 53.2167
56.1080 1172.1984 53.2135
56.1090 1172.1452 53.2102
56.1100 1172.0920 53.2070
56.1110 1172.0388 53.2038
56.1120 1171.9856 53.2005
56.1130 1171.9324 53.1972
56.1140 1171.8792 53.1940
56.1150 1171.8260 53.1907
56.1160 1171.7728 53.1874
56.1170 1171.7196 53.1841
56.1180 1171.6664 53.1808
56.1190 1171.6132 53.1775
56.1200 1171.5601 53.1742
56.1210 1171.5069 53.1709
56.1220 1171.4537 53.1676
56.1230 1171.4006 53.1642
56.1240 1171.3474 53.1609
56.1250 1171.2943 53.1575
56.1260 1171.2411 53.1542
56.1270 1171.1879 53.1508
56.1280 1171.1348 53.1474
56.1290 1171.0817 53.1441
56.1300 1171.0285 53.1407
56.1310 1170.9754 53.1373
56.1320 1170.9222 53.1339
56.1330 1170.8691 53.1305
56.1340 1170.8160 53.1271
56.1350 1170.7629 53.1236
56.1360 1170.7097 53.1202
56.1370 1170.6566 53.1168
56.1380 1170.6035 53.1133
56.1390 1170.5504 53.1099
56.1400 1170.4973 53.1064
56.1410 1170.4442 53.1030
56.1420 1170.3911 53.0995
56.1430 1170.3380 53.0960
56.1440 1170.2849 53.0925
56.1450 1170.2318 53.0890
56.1460 1170.1787 53.0855
56.1470 1170.1256 53.0820
56.1480 1170.0726 53.0785
56.1490 1170.0195 53.0750
56.1500 1169.9664 53.0715
56.1510 1169.9134 53.0679
56.1520 1169.8603 53.0644
56.1530 1169.8072 53.0608
56.1540 1169.7542 53.0573
56.1550 1169.7011 53.0537
56.1560 1169.6481 53.0501
56.1570 1169.5950 53.0466
56.1580 1169.5420 53.0430
56.1590 1169.4889 53.0394
56.1600 1169.4359 53.0358
56.1610 1169.3829 53.0322
56.1620 1169.3298 53.0285
56.1630 1169.2768 53.0249
56.1640 1169.2238 53.0213
56.1650 1169.1708 53.0176
56.1660 1169.1178 53.0140
56.1670 1169.0648 53.0103
56.1680 1169.0117 53.0067
56.1690 1168.9587 53.0030
56.1700 1168.9057 52.9993
56.1710 1168.8528 52.9957
56.1720 1168.7998 52.9920
56.1730 1168.7468 52.9883
56.1740 1168.6938 52.9846
56.1750 1168.6408 52.9809
56.1760 1168.5878 52.9771
56.1770 1168.5349 52.9734
56.1780 1168.4819 52.9697
56.1790 1168.4289 52.9659
56.1800 1168.3760 52.9622
56.1810 1168.3230 52.9584
56.1820 1168.2700 52.9547
56.1830 1168.2171 52.9509
56.1840 1168.1641 52.9471
56.1850 1168.1112 52.9433
56.1860 1168.0583 52.9395
56.1870 1168.0053 52.9357
56.1880 1167.9524 52.9319
56.1890 1167.8995 52.9281
56.1900 1167.8465 52.9243
56.1910 1167.7936 52.9204
56.1920 1167.7407 52.9166
56.1930 1167.6878 52.9128
56.1940 1167.6349 52.9089
56.1950 1167.5820 52.9050
56.1960 1167.5291 52.9012
56.1970 1167.4762 52.8973
56.1980 1167.4233 52.8934
56.1990 1167.3704 52.8895
56.2000 1167.3175 52.8856
56.2010 1167.2646 52.8817
56.2020 1167.2118 52.8778
56.2030 1167.1589 52.8739
56.2040 1167.1060 52.8700
56.2050 1167.0531 52.8660
56.2060 1167.0003 52.8621
56.2070 1166.9474 52.8581
56.2080 1166.8946 52.8542
56.2090 1166.8417 52.8502
56.2100 1166.7889 52.8462
56.2110 1166.7360 52.8423
56.2120 1166.6832 52.8383
56.2130 1166.6304 52.8343
56.2140 1166.5775 52.8303
56.2150 1166.5247 52.8263
56.2160 1166.4719 52.8222
56.2170 1166.4191 52.8182
56.2180 1166.3662 52.8142
56.2190 1166.3134 52.8101
56.2200 1166.2606 52.8061
56.2210 1166.2078 52.8020
56.2220 1166.1550 52.7980
56.2230 1166.1022 52.7939
56.2240 1166.0494 52.7898
56.2250 1165.9967 52.7857
56.2260 1165.9439 52.7816
56.2270 1165.8911 52.7775
56.2280 1165.8383 52.7734
56.2290 1165.7856 52.7693
56.2300 1165.7328 52.7652
56.2310 1165.6800 52.7611
56.2320 1165.6273 52.7569
56.2330 1165.5745 52.7528
56.2340 1165.5218 52.7486
56.2350 1165.4690 52.7445
56.2360 1165.4163 52.7403
56.2370 1165.3636 52.7361
56.2380 1165.3108 52.7319
56.2390 1165.2581 52.7278
56.2400 1165.2054 52.7236
56.2410 1165.1527 52.7193
56.2420 1165.0999 52.7151
56.2430 1165.0472 52.7109
56.2440 1164.9945 52.7067
56.2450 1164.9418 52.7024
56.2460 1164.8891 52.6982
56.2470 1164.8364 52.6939
56.2480 1164.7837 52.6897
56.2490 1164.7310 52.6854
56.2500 1164.6784 52.6811
56.2510 1164.6257 52.6769
56.2520 1164.5730 52.6726
56.2530 1164.5203 52.6683
56.2540 1164.4677 52.6640
56.2550 1164.4150 52.6597
56.2560 1164.3624 52.6553
56.2570 1164.3097 52.6510
56.2580 1164.2571 52.6467
56.2590 1164.2044 52.6423
56.2600 1164.1518 52.6380
56.2610 1164.0992 52.6336
56.2620 1164.0465 52.6292
56.2630 1163.9939 52.6249
56.2640 1163.9413 52.6205
56.2650 1163.8887 52.6161
56.2660 1163.8361 52.6117
56.2670 1163.7834 52.6073
56.2680 1163.7308 52.6029
56.2690 1163.6782 52.5985
56.2700 1163.6257 52.5940
56.2710 1163.5731 52.5896
56.2720 1163.5205 52.5852
56.2730 1163.4679 52.5807
56.2740 1163.4153 52.5762
56.2750 1163.3627 52.5718
56.2760 1163.3102 52.5673
56.2770 1163.2576 52.5628
56.2780 1163.2051 52.5583
56.2790 1163.1525 52.5538
56.2800 1163.1000 52.5493
56.2810 1163.0474 52.5448
56.2820 1162.9949 52.5403
56.2830 1162.9423 52.5358
56.2840 1162.8898 52.5312
56.2850 1162.8373 52.5267
56.2860 1162.7848 52.5221
56.2870 1162.7322 52.5176
56.2880 1162.6797 52.5130
56.2890 1162.6272 52.5084
56.2900 1162.5747 52.5039
56.2910 1162.5222 52.4993
56.2920 1162.4697 52.4947
56.2930 1162.4172 52.4901
56.2940 1162.3647 52.4854
56.2950 1162.3123 52.4808
56.2960 1162.2598 52.4762
56.2970 1162.2073 52.4716
56.2980 1162.1548 52.4669
56.2990 1162.1024 52.4623
56.3000 1162.0499 52.4576
56.3010 1161.9975 52.4529
56.3020 1161.9450 52.4483
56.3030 1161.8926 52.4436
56.3040 1161.8401 52.4389
56.3050 1161.7877 52.4342
56.3060 1161.7353 52.4295
56.3070 1161.6829 52.4248
56.3080 1161.6304 52.4200
56.3090 1161.5780 52.4153
56.3100 1161.5256 52.4106
56.3110 1161.4732 52.4058
56.3120 1161.4208 52.4011
56.3130 1161.3684 52.3963
56.3140 1161.3160 52.3915
56.3150 1161.2636 52.3868
56.3160 1161.2112 52.3820
56.3170 1161.1589 52.3772
56.3180 1161.1065 52.3724
56.3190 1161.0541 52.3676
56.3200 1161.0018 52.3628
56.3210 1160.9494 52.3579
56.3220 1160.8971 52.3531
56.3230 1160.8447 52.3483
56.3240 1160.7924 52.3434
56.3250 1160.7400 52.3386
56.3260 1160.6877 52.3337
56.3270 1160.6354 52.3288
56.3280 1160.5830 52.3239
56.3290 1160.5307 52.3190
56.3300 1160.4784 52.3142
56.3310 1160.4261 52.3093
56.3320 1160.3738 52.3043
56.3330 1160.3215 52.2994
56.3340 1160.2692 52.2945
56.3350 1160.2169 52.2896
56.3360 1160.1646 52.2846
56.3370 1160.1123 52.2797
56.3380 1160.0601 52.2747
56.3390 1160.0078 52.2697
56.3400 1159.9555 52.2648
56.3410 1159.9033 52.2598
56.3420 1159.8510 52.2548
56.3430 1159.7988 52.2498
56.3440 1159.7465 52.2448
56.3450 1159.6943 52.2398
56.3460 1159.6421 52.2347
56.3470 1159.5898 52.2297
56.3480 1159.5376 52.2247
56.3490 1159.4854 52.2196
56.3500 1159.4332 52.2146
56.3510 1159.3810 52.2095
56.3520 1159.3288 52.2044
56.3530 1159.2766 52.1994
56.3540 1159.2244 52.1943
56.3550 1159.1722 52.1892
56.3560 1159.1200 52.1841
56.3570 1159.0678 52.1790
56.3580 1159.0156 52.1739
56.3590 1158.9635 52.1687
56.3600 1158.9113 52.1636
56.3610 1158.8591 52.1585
56.3620 1158.8070 52.1533
56.3630 1158.7548 52.1482
56.3640 1158.7027 52.1430
56.3650 1158.6506 52.1378
56.3660 1158.5984 52.1326
56.3670 1158.5463 52.1274
56.3680 1158.4942 52.1222
56.3690 1158.4421 52.1170
56.3700 1158.3899 52.1118
56.3710 1158.3378 52.1066
56.3720 1158.2857 52.1014
56.3730 1158.2336 52.0961
56.3740 1158.1816 52.0909
56.3750 1158.1295 52.0856
56.3760 1158.0774 52.0804
56.3770 1158.0253 52.0751
56.3780 1157.9732 52.0698
56.3790 1157.9212 52.0645
56.3800 1157.8691 52.0592
56.3810 1157.8171 52.0539
56.3820 1157.7650 52.0486
56.3830 1157.7130 52.0433
56.3840 1157.6609 52.0380
56.3850 1157.6089 52.0326
56.3860 1157.5569 52.0273
56.3870 1157.5049 52.0220
56.3880 1157.4528 52.0166
56.3890 1157.4008 52.0112
56.3900 1157.3488 52.0059
56.3910 1157.2968 52.0005
56.3920 1157.2448 51.9951
56.3930 1157.1928 51.9897
56.3940 1157.1408 51.9843
56.3950 1157.0889 51.9789
56.3960 1157.0369 51.9734
56.3970 1156.9849 51.9680
56.3980 1156.9330 51.9626
56.3990 1156.8810 51.9571
56.4000 1156.8291 51.9517
56.4010 1156.7771 51.9462
56.4020 1156.7252 51.9407
56.4030 1156.6732 51.9352
56.4040 1156.6213 51.9297
56.4050 1156.5694 51.9243
56.4060 1156.5175 51.9187
56.4070 1156.4655 51.9132
56.4080 1156.4136 51.9077
56.4090 1156.3617 51.9022
56.4100 1156.3098 51.8966
56.4110 1156.2580 51.8911
56.4120 1156.2061 51.8855
56.4130 1156.1542 51.8800
56.4140 1156.1023 51.8744
56.4150 1156.0504 51.8688
56.4160 1155.9986 51.8632
56.4170 1155.9467 51.8577
56.4180 1155.8949 51.8520
56.4190 1155.8430 51.8464
56.4200 1155.7912 51.8408
56.4210 1155.7393 51.8352
56.4220 1155.6875 51.8296
56.4230 1155.6357 51.8239
56.4240 1155.5839 51.8183
56.4250 1155.5321 51.8126
56.4260 1155.4803 51.8069
56.4270 1155.4285 51.8012
56.4280 1155.3767 51.7956
56.4290 1155.3249 51.7899
56.4300 1155.2731 51.7842
56.4310 1155.2213 51.7785
56.4320 1155.1695 51.7727
56.4330 1155.1178 51.7670
56.4340 1155.0660 51.7613
56.4350 1155.0142 51.7555
56.4360 1154.9625 51.7498
56.4370 1154.9108 51.7440
56.4380 1154.8590 51.7383
56.4390 1154.8073 51.7325
56.4400 1154.7556 51.7267
56.4410 1154.7038 51.7209
56.4420 1154.6521 51.7151
56.4430 1154.6004 51.7093
56.4440 1154.5487 51.7035
56.4450 1154.4970 51.6977
56.4460 1154.4453 51.6918
56.4470 1154.3936 51.6860
56.4480 1154.3420 51.6801
56.4490 1154.2903 51.6743
56.4500 1154.2386 51.6684
56.4510 1154.1869 51.6625
56.4520 1154.1353 51.6566
56.4530 1154.0836 51.6507
56.4540 1154.0320 51.6448
56.4550 1153.9804 51.6389
56.4560 1153.9287 51.6330
56.4570 1153.8771 51.6271
56.4580 1153.8255 51.6212
56.4590 1153.7739 51.6152
56.4600 1153.7223 51.6093
56.4610 1153.6706 51.6033
56.4620 1153.6191 51.5973
56.4630 1153.5675 51.5914
56.4640 1153.5159 51.5854
56.4650 1153.4643 51.5794
56.4660 1153.4127 51.5734
56.4670 1153.3612 51.5674
56.4680 1153.3096 51.5614
56.4690 1153.2580 51.5553
56.4700 1153.2065 51.5493
56.4710 1153.1549 51.5433
56.4720 1153.1034 51.5372
56.4730 1153.0519 51.5312
56.4740 1153.0004 51.5251
56.4750 1152.9488 51.5190
56.4760 1152.8973 51.5129
56.4770 1152.8458 51.5068
56.4780 1152.7943 51.5007
56.4790 1152.7428 51.4946
56.4800 1152.6913 51.4885
56.4810 1152.6398 51.4824
56.4820 1152.5884 51.4762
56.4830 1152.5369 51.4701
56.4840 1152.4854 51.4640
56.4850 1152.4340 51.4578
56.4860 1152.3825 51.4516
56.4870 1152.3311 51.4454
56.4880 1152.2796 51.4393
56.4890 1152.2282 51.4331
56.4900 1152.1768 51.4269
56.4910 1152.1254 51.4207
56.4920 1152.0739 51.4144
56.4930 1152.0225 51.4082
56.4940 1151.9711 51.4020
56.4950 1151.9197 51.3957
56.4960 1151.8684 51.3895
56.4970 1151.8170 51.3832
56.4980 1151.7656 51.3769
56.4990 1151.7142 51.3707
56.5000 1151.6629 51.3644
56.5010 1151.6115 51.3581
56.5020 1151.5601 51.3518
56.5030 1151.5088 51.3455
56.5040 1151.4575 51.3391
56.5050 1151.4061 51.3328
56.5060 1151.3548 51.3265
56.5070 1151.3035 51.3201
56.5080 1151.2522 51.3138
56.5090 1151.2009 51.3074
56.5100 1151.1496 51.3010
56.5110 1151.0983 51.2947
56.5120 1151.0470 51.2883
56.5130 1150.9957 51.2819
56.5140 1150.9444 51.2755
56.5150 1150.8932 51.2691
56.5160 1150.8419 51.2626
56.5170 1150.7906 51.2562
56.5180 1150.7394 51.2498
56.5190 1150.6881 51.2433
56.5200 1150.6369 51.2369
56.5210 1150.5857 51.2304
56.5220 1150.5344 51.2239
56.5230 1150.4832 51.2174
56.5240 1150.4320 51.2109
56.5250 1150.3808 51.2044
56.5260 1150.3296 51.1979
56.5270 1150.2784 51.1914
56.5280 1150.2272 51.1849
56.5290 1150.1761 51.1784
56.5300 1150.1249 51.1718
56.5310 1150.0737 51.1653
56.5320 1150.0226 51.1587
56.5330 1149.9714 51.1521
56.5340 1149.9203 51.1456
56.5350 1149.8691 51.1390
56.5360 1149.8180 51.1324
56.5370 1149.7669 51.1258
56.5380 1149.7158 51.1192
56.5390 1149.6646 51.1126
56.5400 1149.6135 51.1059
56.5410 1149.5624 51.0993
56.5420 1149.5113 51.0926
56.5430 1149.4603 51.0860
56.5440 1149.4092 51.0793
56.5450 1149.3581 51.0727
56.5460 1149.3070 51.0660
56.5470 1149.2560 51.0593
56.5480 1149.2049 51.0526
56.5490 1149.1539 51.0459
56.5500 1149.1028 51.0392
56.5510 1149.0518 51.0324
56.5520 1149.0008 51.0257
56.5530 1148.9498 51.0190
56.5540 1148.8988 51.0122
56.5550 1148.8477 51.0055
56.5560 1148.7967 50.9987
56.5570 1148.7458 50.9919
56.5580 1148.6948 50.9851
56.5590 1148.6438 50.9783
56.5600 1148.5928 50.9715
56.5610 1148.5419 50.9647
56.5620 1148.4909 50.9579
56.5630 1148.4399 50.9511
56.5640 1148.3890 50.9442
56.5650 1148.3381 50.9374
56.5660 1148.2871 50.9305
56.5670 1148.2362 50.9237
56.5680 1148.1853 50.9168
56.5690 1148.1344 50.9099
56.5700 1148.0835 50.9030
56.5710 1148.0326 50.8961
56.5720 1147.9817 50.8892
56.5730 1147.9308 50.8823
56.5740 1147.8799 50.8754
56.5750 1147.8291 50.8685
56.5760 1147.7782 50.8615
56.5770 1147.7274 50.8546
56.5780 1147.6765 50.8476
56.5790 1147.6257 50.8407
56.5800 1147.5748 50.8337
56.5810 1147.5240 50.8267
56.5820 1147.4732 50.8197
56.5830 1147.4224 50.8127
56.5840 1147.3716 50.8057
56.5850 1147.3208 50.7987
56.5860 1147.2700 50.7916
56.5870 1147.2192 50.7846
56.5880 1147.1684 50.7776
56.5890 1147.1176 50.7705
56.5900 1147.0669 50.7634
56.5910 1147.0161 50.7564
56.5920 1146.9654 50.7493
56.5930 1146.9146 50.7422
56.5940 1146.8639 50.7351
56.5950 1146.8132 50.7280
56.5960 1146.7624 50.7209
56.5970 1146.7117 50.7137
56.5980 1146.6610 50.7066
56.5990 1146.6103 50.6995
56.6000 1146.5596 50.6923
56.6010 1146.5090 50.6852
56.6020 1146.4583 50.6780
56.6030 1146.4076 50.6708
56.6040 1146.3569 50.6636
56.6050 1146.3063 50.6564
56.6060 1146.2556 50.6492
56.6070 1146.2050 50.6420
56.6080 1146.1544 50.6348
56.6090 1146.1037 50.6276
56.6100 1146.0531 50.6203
56.6110 1146.0025 50.6131
56.6120 1145.9519 50.6058
56.6130 1145.9013 50.5985
56.6140 1145.8507 50.5913
56.6150 1145.8001 50.5840
56.6160 1145.7495 50.5767
56.6170 1145.6990 50.5694
56.6180 1145.6484 50.5621
56.6190 1145.5979 50.5548
56.6200 1145.5473 50.5474
56.6210 1145.4968 50.5401
56.6220 1145.4462 50.5327
56.6230 1145.3957 50.5254
56.6240 1145.3452 50.5180
56.6250 1145.2947 50.5107
56.6260 1145.2442 50.5033
56.6270 1145.1937 50.4959
56.6280 1145.1432 50.4885
56.6290 1145.0927 50.4811
56.6300 1145.0422 50.4737
56.6310 1144.9918 50.4662
56.6320 1144.9413 50.4588
56.6330 1144.8909 50.4513
56.6340 1144.8404 50.4439
56.6350 1144.7900 50.4364
56.6360 1144.7396 50.4290
56.6370 1144.6891 50.4215
56.6380 1144.6387 50.4140
56.6390 1144.5883 50.4065
56.6400 1144.5379 50.3990
56.6410 1144.4875 50.3915
56.6420 1144.4371 50.3839
56.6430 1144.3868 50.3764
56.6440 1144.3364 50.3689
56.6450 1144.2860 50.3613
56.6460 1144.2357 50.3538
56.6470 1144.1853 50.3462
56.6480 1144.1350 50.3386
56.6490 1144.0847 50.3310
56.6500 1144.0343 50.3234
56.6510 1143.9840 50.3158
56.6520 1143.9337 50.3082
56.6530 1143.8834 50.3006
56.6540 1143.8331 50.2929
56.6550 1143.7828 50.2853
56.6560 1143.7326 50.2776
56.6570 1143.6823 50.2700
56.6580 1143.6320 50.2623
56.6590 1143.5818 50.2546
56.6600 1143.5315 50.2469
56.6610 1143.4813 50.2393
56.6620 1143.4310 50.2315
56.6630 1143.3808 50.2238
56.6640 1143.3306 50.2161
56.6650 1143.2804 50.2084
56.6660 1143.2302 50.2006
56.6670 1143.1800 50.1929
56.6680 1143.1298 50.1851
56.6690 1143.0796 50.1774
56.6700 1143.0295 50.1696
56.6710 1142.9793 50.1618
56.6720 1142.9292 50.1540
56.6730 1142.8790 50.1462
56.6740 1142.8289 50.1384
56.6750 1142.7787 50.1306
56.6760 1142.7286 50.1227
56.6770 1142.6785 50.1149
56.6780 1142.6284 50.1070
56.6790 1142.5783 50.0992
56.6800 1142.5282 50.0913
56.6810 1142.4781 50.0834
56.6820 1142.4281 50.0755
56.6830 1142.3780 50.0676
56.6840 1142.3279 50.0597
56.6850 1142.2779 50.0518
56.6860 1142.2278 50.0439
56.6870 1142.1778 50.0360
56.6880 1142.1278 50.0280
56.6890 1142.0777 50.0201
56.6900 1142.0277 50.0121
56.6910 1141.9777 50.0041
56.6920 1141.9277 49.9962
56.6930 1141.8777 49.9882
56.6940 1141.8278 49.9802
56.6950 1141.7778 49.9722
56.6960 1141.7278 49.9642
56.6970 1141.6779 49.9561
56.6980 1141.6279 49.9481
56.6990 1141.5780 49.9401
56.7000 1141.5280 49.9320
56.7010 1141.4781 49.9240
56.7020 1141.4282 49.9159
56.7030 1141.3783 49.9078
56.7040 1141.3284 49.8997
56.7050 1141.2785 49.8916
56.7060 1141.2286 49.8835
56.7070 1141.1788 49.8754
56.7080 1141.1289 49.8673
56.7090 1141.0790 49.8591
56.7100 1141.0292 49.8510
56.7110 1140.9793 49.8428
56.7120 1140.9295 49.8347
56.7130 1140.8797 49.8265
56.7140 1140.8299 49.8183
56.7150 1140.7800 49.8101
56.7160 1140.7302 49.8019
56.7170 1140.6804 49.7937
56.7180 1140.6307 49.7855
56.7190 1140.5809 49.7773
56.7200 1140.5311 49.7691
56.7210 1140.4814 49.7608
56.7220 1140.4316 49.7526
56.7230 1140.3819 49.7443
56.7240 1140.3321 49.7360
56.7250 1140.2824 49.7277
56.7260 1140.2327 49.7194
56.7270 1140.1830 49.7111
56.7280 1140.1333 49.7028
56.7290 1140.0836 49.6945
56.7300 1140.0339 49.6862
56.7310 1139.9842 49.6779
56.7320 1139.9345 49.6695
56.7330 1139.8849 49.6612
56.7340 1139.8352 49.6528
56.7350 1139.7856 49.6444
56.7360 1139.7359 49.6360
56.7370 1139.6863 49.6276
56.7380 1139.6367 49.6192
56.7390 1139.5871 49.6108
56.7400 1139.5375 49.6024
56.7410 1139.4879 49.5940
56.7420 1139.4383 49.5855
56.7430 1139.3887 49.5771
56.7440 1139.3392 49.5686
56.7450 1139.2896 49.5602
56.7460 1139.2400 49.5517
56.7470 1139.1905 49.5432
56.7480 1139.1410 49.5347
56.7490 1139.0914 49.5262
56.7500 1139.0419 49.5177
56.7510 1138.9924 49.5092
56.7520 1138.9429 49.5006
56.7530 1138.8934 49.4921
56.7540 1138.8439 49.4835
56.7550 1138.7945 49.4750
56.7560 1138.7450 49.4664
56.7570 1138.6955 49.4578
56.7580 1138.6461 49.4492
56.7590 1138.5966 49.4406
56.7600 1138.5472 49.4320
56.7610 1138.4978 49.4234
56.7620 1138.4484 49.4148
56.7630 1138.3990 49.4061
56.7640 1138.3496 49.3975
56.7650 1138.3002 49.3888
56.7660 1138.2508 49.3802
56.7670 1138.2014 49.3715
56.7680 1138.1521 49.3628
56.7690 1138.1027 49.3541
56.7700 1138.0534 49.3454
56.7710 1138.0040 49.3367
56.7720 1137.9547 49.3280
56.7730 1137.9054 49.3193
56.7740 1137.8561 49.3105
56.7750 1137.8068 49.3018
56.7760 1137.7575 49.2930
56.7770 1137.7082 49.2843
56.7780 1137.6589 49.2755
56.7790 1137.6097 49.2667
56.7800 1137.5604 49.2579
56.7810 1137.5111 49.2491
56.7820 1137.4619 49.2403
56.7830 1137.4127 49.2314
56.7840 1137.3634 49.2226
56.7850 1137.3142 49.2138
56.7860 1137.2650 49.2049
56.7870 1137.2158 49.1961
56.7880 1137.1666 49.1872
56.7890 1137.1175 49.1783
56.7900 1137.0683 49.1694
56.7910 1137.0191 49.1605
56.7920 1136.9700 49.1516
56.7930 1136.9208 49.1427
56.7940 1136.8717 49.1338
56.7950 1136.8226 49.1248
56.7960 1136.7735 49.1159
56.7970 1136.7244 49.1069
56.7980 1136.6753 49.0979
56.7990 1136.6262 49.0890
56.8000 1136.5771 49.0800
56.8010 1136.5280 49.0710
56.8020 1136.4790 49.0620
56.8030 1136.4299 49.0530
56.8040 1136.3809 49.0439
56.8050 1136.3318 49.0349
56.8060 1136.2828 49.0259
56.8070 1136.2338 49.0168
56.8080 1136.1848 49.0078
56.8090 1136.1358 48.9987
56.8100 1136.0868 48.9896
56.8110 1136.0378 48.9805
56.8120 1135.9888 48.9714
56.8130 1135.9399 48.9623
56.8140 1135.8909 48.9532
56.8150 1135.8420 48.9441
56.8160 1135.7930 48.9349
56.8170 1135.7441 48.9258
56.8180 1135.6952 48.9166
56.8190 1135.6463 48.9074
56.8200 1135.5974 48.8983
56.8210 1135.5485 48.8891
56.8220 1135.4996 48.8799
56.8230 1135.4508 48.8707
56.8240 1135.4019 48.8615
56.8250 1135.3530 48.8522
56.8260 1135.3042 48.8430
56.8270 1135.2554 48.8338
56.8280 1135.2065 48.8245
56.8290 1135.1577 48.8152
56.8300 1135.1089 48.8060
56.8310 1135.0601 48.7967
56.8320 1135.0113 48.7874
56.8330 1134.9626 48.7781
56.8340 1134.9138 48.7688
56.8350 1134.8650 48.7595
56.8360 1134.8163 48.7501
56.8370 1134.7675 48.7408
56.8380 1134.7188 48.7314
56.8390 1134.6701 48.7221
56.8400 1134.6214 48.7127
56.8410 1134.5727 48.7033
56.8420 1134.5240 48.6939
56.8430 1134.4753 48.6845
56.8440 1134.4266 48.6751
56.8450 1134.3780 48.6657
56.8460 1134.3293 48.6563
56.8470 1134.2807 48.6469
56.8480 1134.2320 48.6374
56.8490 1134.1834 48.6280
56.8500 1134.1348 48.6185
56.8510 1134.0862 48.6090
56.8520 1134.0376 48.5995
56.8530 1133.9890 48.5900
56.8540 1133.9404 48.5805
56.8550 1133.8918 48.5710
56.8560 1133.8433 48.5615
56.8570 1133.7947 48.5520
56.8580 1133.7462 48.5424
56.8590 1133.6976 48.5329
56.8600 1133.6491 48.5233
56.8610 1133.6006 48.5137
56.8620 1133.5521 48.5041
56.8630 1133.5036 48.4946
56.8640 1133.4551 48.4850
56.8650 1133.4066 48.4753
56.8660 1133.3582 48.4657
56.8670 1133.3097 48.4561
56.8680 1133.2613 48.4464
56.8690 1133.2128 48.4368
56.8700 1133.1644 48.4271
56.8710 1133.1160 48.4175
56.8720 1133.0676 48.4078
56.8730 1133.0192 48.3981
56.8740 1132.9708 48.3884
56.8750 1132.9224 48.3787
56.8760 1132.8740 48.3690
56.8770 1132.8257 48.3592
56.8780 1132.7773 48.3495
56.8790 1132.7290 48.3398
56.8800 1132.6807 48.3300
56.8810 1132.6323 48.3202
56.8820 1132.5840 48.3105
56.8830 1132.5357 48.3007
56.8840 1132.4874 48.2909
56.8850 1132.4392 48.2811
56.8860 1132.3909 48.2712
56.8870 1132.3426 48.2614
56.8880 1132.2944 48.2516
56.8890 1132.2461 48.2417
56.8900 1132.1979 48.2319
56.8910 1132.1497 48.2220
56.8920 1132.1015 48.2121
56.8930 1132.0533 48.2023
56.8940 1132.0051 48.1924
56.8950 1131.9569 48.1825
56.8960 1131.9087 48.1725
56.8970 1131.8606 48.1626
56.8980 1131.8124 48.1527
56.8990 1131.7643 48.1427
56.9000 1131.7161 48.1328
56.9010 1131.6680 48.1228
56.9020 1131.6199 48.1128
56.9030 1131.5718 48.1029
56.9040 1131.5237 48.0929
56.9050 1131.4756 48.0829
56.9060 1131.4275 48.0728
56.9070 1131.3795 48.0628
56.9080 1131.3314 48.0528
56.9090 1131.2834 48.0427
56.9100 1131.2353 48.0327
56.9110 1131.1873 48.0226
56.9120 1131.1393 48.0126
56.9130 1131.0913 48.0025
56.9140 1131.0433 47.9924
56.9150 1130.9953 47.9823
56.9160 1130.9474 47.9722
56.9170 1130.8994 47.9620
56.9180 1130.8514 47.9519
56.9190 1130.8035 47.9418
56.9200 1130.7556 47.9316
56.9210 1130.7077 47.9215
56.9220 1130.6597 47.9113
56.9230 1130.6118 47.9011
56.9240 1130.5640 47.8909
56.9250 1130.5161 47.8807
56.9260 1130.4682 47.8705
56.9270 1130.4203 47.8603
56.9280 1130.3725 47.8500
56.9290 1130.3246 47.8398
56.9300 1130.2768 47.8295
56.9310 1130.2290 47.8193
56.9320 1130.1812 47.8090
56.9330 1130.1334 47.7987
56.9340 1130.0856 47.7884
56.9350 1130.0378 47.7781
56.9360 1129.9901 47.7678
56.9370 1129.9423 47.7575
56.9380 1129.8946 47.7472
56.9390 1129.8468 47.7368
56.9400 1129.7991 47.7265
56.9410 1129.7514 47.7161
56.9420 1129.7037 47.7058
56.9430 1129.6560 47.6954
56.9440 1129.6083 47.6850
56.9450 1129.5606 47.6746
56.9460 1129.5129 47.6642
56.9470 1129.4653 47.6537
56.9480 1129.4177 47.6433
56.9490 1129.3700 47.6329
56.9500 1129.3224 47.6224
56.9510 1129.2748 47.6120
56.9520 1129.2272 47.6015
56.9530 1129.1796 47.5910
56.9540 1129.1320 47.5805
56.9550 1129.0844 47.5700
56.9560 1129.0369 47.5595
56.9570 1128.9893 47.5490
56.9580 1128.9418 47.5385
56.9590 1128.8943 47.5279
56.9600 1128.8468 47.5174
56.9610 1128.7992 47.5068
56.9620 1128.7517 47.4962
56.9630 1128.7043 47.4856
56.9640 1128.6568 47.4750
56.9650 1128.6093 47.4644
56.9660 1128.5619 47.4538
56.9670 1128.5144 47.4432
56.9680 1128.4670 47.4326
56.9690 1128.4196 47.4219
56.9700 1128.3722 47.4113
56.9710 1128.3248 47.4006
56.9720 1128.2774 47.3900
56.9730 1128.2300 47.3793
56.9740 1128.1826 47.3686
56.9750 1128.1353 47.3579
56.9760 1128.0879 47.3472
56.9770 1128.0406 47.3364
56.9780 1127.9933 47.3257
56.9790 1127.9459 47.3150
56.9800 1127.8986 47.3042
56.9810 1127.8513 47.2934
56.9820 1127.8041 47.2827
56.9830 1127.7568 47.2719
56.9840 1127.7095 47.2611
56.9850 1127.6623 47.2503
56.9860 1127.6150 47.2395
56.9870 1127.5678 47.2286
56.9880 1127.5206 47.2178
56.9890 1127.4734 47.2070
56.9900 1127.4262 47.1961
56.9910 1127.3790 47.1852
56.9920 1127.3318 47.1744
56.9930 1127.2847 47.1635
56.9940 1127.2375 47.1526
56.9950 1127.1904 47.1417
56.9960 1127.1432 47.1308
56.9970 1127.0961 47.1198
56.9980 1127.0490 47.1089
56.9990 1127.0019 47.0980
57.0000 1126.9548 47.0870
57.0010 1126.9077 47.0760
57.0020 1126.8607 47.0651
57.0030 1126.8136 47.0541
57.0040 1126.7666 47.0431
57.0050 1126.7196 47.0321
57.0060 1126.6725 47.0211
57.0070 1126.6255 47.0100
57.0080 1126.5785 46.9990
57.0090 1126.5315 46.9879
57.0100 1126.4846 46.9769
57.0110 1126.4376 46.9658
57.0120 1126.3906 46.9547
57.0130 1126.3437 46.9436
57.0140 1126.2968 46.9325
57.0150 1126.2498 46.9214
57.0160 1126.2029 46.9103
57.0170 1126.1560 46.8992
57.0180 1126.1091 46.8880
57.0190 1126.0623 46.8769
57.0200 1126.0154 46.8657
57.0210 1125.9685 46.8546
57.0220 1125.9217 46.8434
57.0230 1125.8749 46.8322
57.0240 1125.8280 46.8210
57.0250 1125.7812 46.8098
57.0260 1125.7344 46.7985
57.0270 1125.6877 46.7873
57.0280 1125.6409 46.7761
57.0290 1125.5941 46.7648
57.0300 1125.5474 46.7536
57.0310 1125.5006 46.7423
57.0320 1125.4539 46.7310
57.0330 1125.4072 46.7197
57.0340 1125.3605 46.7084
57.0350 1125.3138 46.6971
57.0360 1125.2671 46.6858
57.0370 1125.2204 46.6744
57.0380 1125.1737 46.6631
57.0390 1125.1271 46.6517
57.0400 1125.0804 46.6404
57.0410 1125.0338 46.6290
57.0420 1124.9872 46.6176
57.0430 1124.9406 46.6062
57.0440 1124.8940 46.5948
57.0450 1124.8474 46.5834
57.0460 1124.8008 46.5719
57.0470 1124.7543 46.5605
57.0480 1124.7077 46.5490
57.0490 1124.6612 46.5376
57.0500 1124.6147 46.5261
57.0510 1124.5682 46.5146
57.0520 1124.5217 46.5031
57.0530 1124.4752 46.4916
57.0540 1124.4287 46.4801
57.0550 1124.3822 46.4686
57.0560 1124.3358 46.4571
57.0570 1124.2893 46.4455
57.0580 1124.2429 46.4340
57.0590 1124.1965 46.4224
57.0600 1124.1500 46.4108
57.0610 1124.1036 46.3993
57.0620 1124.0573 46.3877
57.0630 1124.0109 46.3761
57.0640 1123.9645 46.3644
57.0650 1123.9182 46.3528
57.0660 1123.8718 46.3412
57.0670 1123.8255 46.3295
57.0680 1123.7792 46.3179
57.0690 1123.7329 46.3062
57.0700 1123.6866 46.2945
57.0710 1123.6403 46.2829
57.0720 1123.5940 46.2712
57.0730 1123.5478 46.2594
57.0740 1123.5015 46.2477
57.0750 1123.4553 46.2360
57.0760 1123.4091 46.2243
57.0770 1123.3628 46.2125
57.0780 1123.3166 46.2007
57.0790 1123.2704 46.1890
57.0800 1123.2243 46.1772
57.0810 1123.1781 46.1654
57.0820 1123.1320 46.1536
57.0830 1123.0858 46.1418
57.0840 1123.0397 46.1300
57.0850 1122.9936 46.1181
57.0860 1122.9475 46.1063
57.0870 1122.9014 46.0944
57.0880 1122.8553 46.0826
57.0890 1122.8092 46.0707
57.0900 1122.7631 46.0588
57.0910 1122.7171 46.0469
57.0920 1122.6711 46.0350
57.0930 1122.6250 46.0231
57.0940 1122.5790 46.0111
57.0950 1122.5330 45.9992
57.0960 1122.4870 45.9873
57.0970 1122.4411 45.9753
57.0980 1122.3951 45.9633
57.0990 1122.3492 45.9513
57.1000 1122.3032 45.9394
57.1010 1122.2573 45.9274
57.1020 1122.2114 45.9153
57.1030 1122.1655 45.9033
57.1040 1122.1196 45.8913
57.1050 1122.0737 45.8792
57.1060 1122.0278 45.8672
57.1070 1121.9820 45.8551
57.1080 1121.9361 45.8430
57.1090 1121.8903 45.8310
57.1100 1121.8445 45.8189
57.1110 1121.7987 45.8068
57.1120 1121.7529 45.7946
57.1130 1121.7071 45.7825
57.1140 1121.6613 45.7704
57.1150 1121.6156 45.7582
57.1160 1121.5698 45.7461
57.1170 1121.5241 45.7339
57.1180 1121.4784 45.7217
57.1190 1121.4327 45.7095
57.1200 1121.3870 45.6973
57.1210 1121.3413 45.6851
57.1220 1121.2956 45.6729
57.1230 1121.2499 45.6606
57.1240 1121.2043 45.6484
57.1250 1121.1587 45.6361
57.1260 1121.1130 45.6239
57.1270 1121.0674 45.6116
57.1280 1121.0218 45.5993
57.1290 1120.9762 45.5870
57.1300 1120.9307 45.5747
57.1310 1120.8851 45.5624
57.1320 1120.8396 45.5501
57.1330 1120.7940 45.5377
57.1340 1120.7485 45.5254
57.1350 1120.7030 45.5130
57.1360 1120.6575 45.5006
57.1370 1120.6120 45.4883
57.1380 1120.5665 45.4759
57.1390 1120.5210 45.4635
57.1400 1120.4756 45.4510
57.1410 1120.4302 45.4386
57.1420 1120.3847 45.4262
57.1430 1120.3393 45.4137
57.1440 1120.2939 45.4013
57.1450 1120.2485 45.3888
57.1460 1120.2032 45.3763
57.1470 1120.1578 45.3639
57.1480 1120.1124 45.3514
57.1490 1120.0671 45.3388
57.1500 1120.0218 45.3263
57.1510 1119.9765 45.3138
57.1520 1119.9312 45.3013
57.1530 1119.8859 45.2887
57.1540 1119.8406 45.2761
57.1550 1119.7953 45.2636
57.1560 1119.7501 45.2510
57.1570 1119.7048 45.2384
57.1580 1119.6596 45.2258
57.1590 1119.6144 45.2132
57.1600 1119.5692 45.2005
57.1610 1119.5240 45.1879
57.1620 1119.4788 45.1752
57.1630 1119.4337 45.1626
57.1640 1119.3885 45.1499
57.1650 1119.3434 45.1372
57.1660 1119.2983 45.1245
57.1670 1119.2532 45.1118
57.1680 1119.2081 45.0991
57.1690 1119.1630 45.0864
57.1700 1119.1179 45.0737
57.1710 1119.0728 45.0609
57.1720 1119.0278 45.0482
57.1730 1118.9827 45.0354
57.1740 1118.9377 45.0226
57.1750 1118.8927 45.0098
57.1760 1118.8477 44.9970
57.1770 1118.8027 44.9842
57.1780 1118.7578 44.9714
57.1790 1118.7128 44.9586
57.1800 1118.6679 44.9457
57.1810 1118.6229 44.9329
57.1820 1118.5780 44.9200
57.1830 1118.5331 44.9071
57.1840 1118.4882 44.8943
57.1850 1118.4433 44.8814
57.1860 1118.3985 44.8685
57.1870 1118.3536 44.8555
57.1880 1118.3088 44.8426
57.1890 1118.2639 44.8297
57.1900 1118.2191 44.8167
57.1910 1118.1743 44.8038
57.1920 1118.1295 44.7908
57.1930 1118.0847 44.7778
57.1940 1118.0400 44.7648
57.1950 1117.9952 44.7518
57.1960 1117.9505 44.7388
57.1970 1117.9058 44.7258
57.1980 1117.8610 44.7127
57.1990 1117.8163 44.6997
57.2000 1117.7717 44.6866
57.2010 1117.7270 44.6736
57.2020 1117.6823 44.6605
57.2030 1117.6377 44.6474
57.2040 1117.5930 44.6343
57.2050 1117.5484 44.6212
57.2060 1117.5038 44.6081
57.2070 1117.4592 44.5949
57.2080 1117.4146 44.5818
57.2090 1117.3701 44.5686
57.2100 1117.3255 44.5555
57.2110 1117.2810 44.5423
57.2120 1117.2364 44.5291
57.2130 1117.1919 44.5159
57.2140 1117.1474 44.5027
57.2150 1117.1029 44.4895
57.2160 1117.0585 44.4762
57.2170 1117.0140 44.4630
57.2180 1116.9695 44.4498
57.2190 1116.9251 44.4365
57.2200 1116.8807 44.4232
57.2210 1116.8363 44.4099
57.2220 1116.7919 44.3966
57.2230 1116.7475 44.3833
57.2240 1116.7031 44.3700
57.2250 1116.6588 44.3567
57.2260 1116.6144 44.3433
57.2270 1116.5701 44.3300
57.2280 1116.5258 44.3166
57.2290 1116.4815 44.3033
57.2300 1116.4372 44.2899
57.2310 1116.3929 44.2765
57.2320 1116.3486 44.2631
57.2330 1116.3044 44.2497
57.2340 1116.2602 44.2362
57.2350 1116.2159 44.2228
57.2360 1116.1717 44.2094
57.2370 1116.1275 44.1959
57.2380 1116.0833 44.1824
57.2390 1116.0392 44.1689
57.2400 1115.9950 44.1555
57.2410 1115.9509 44.1419
57.2420 1115.9068 44.1284
57.2430 1115.8626 44.1149
57.2440 1115.8185 44.1014
57.2450 1115.7744 44.0878
57.2460 1115.7304 44.0743
57.2470 1115.6863 44.0607
57.2480 1115.6423 44.0471
57.2490 1115.5982 44.0335
57.2500 1115.5542 44.0199
57.2510 1115.5102 44.0063
57.2520 1115.4662 43.9927
57.2530 1115.4222 43.9791
57.2540 1115.3783 43.9654
57.2550 1115.3343 43.9518
57.2560 1115.2904 43.9381
57.2570 1115.2465 43.9244
57.2580 1115.2025 43.9107
57.2590 1115.1586 43.8970
57.2600 1115.1148 43.8833
57.2610 1115.0709 43.8696
57.2620 1115.0270 43.8559
57.2630 1114.9832 43.8421
57.2640 1114.9394 43.8284
57.2650 1114.8956 43.8146
57.2660 1114.8518 43.8008
57.2670 1114.8080 43.7870
57.2680 1114.7642 43.7732
57.2690 1114.7204 43.7594
57.2700 1114.6767 43.7456
57.2710 1114.6330 43.7318
57.2720 1114.5892 43.7179
57.2730 1114.5455 43.7041
57.2740 1114.5018 43.6902
57.2750 1114.4582 43.6763
57.2760 1114.4145 43.6624
57.2770 1114.3709 43.6485
57.2780 1114.3272 43.6346
57.2790 1114.2836 43.6207
57.2800 1114.2400 43.6068
57.2810 1114.1964 43.5928
57.2820 1114.1528 43.5789
57.2830 1114.1093 43.5649
57.2840 1114.0657 43.5509
57.2850 1114.0222 43.5370
57.2860 1113.9786 43.5230
57.2870 1113.9351 43.5090
57.2880 1113.8916 43.4949
57.2890 1113.8482 43.4809
57.2900 1113.8047 43.4669
57.2910 1113.7612 43.4528
57.2920 1113.7178 43.4387
57.2930 1113.6744 43.4247
57.2940 1113.6310 43.4106
57.2950 1113.5876 43.3965
57.2960 1113.5442 43.3824
57.2970 1113.5008 43.3683
57.2980 1113.4575 43.3541
57.2990 1113.4141 43.3400
57.3000 1113.3708 43.3258
57.3010 1113.3275 43.3117
57.3020 1113.2842 43.2975
57.3030 1113.2409 43.2833
57.3040 1113.1976 43.2691
57.3050 1113.1544 43.2549
57.3060 1113.1111 43.2407
57.3070 1113.0679 43.2265
57.3080 1113.0247 43.2122
57.3090 1112.9815 43.1980
57.3100 1112.9383 43.1837
57.3110 1112.8952 43.1694
57.3120 1112.8520 43.1551
57.3130 1112.8089 43.1408
57.3140 1112.7657 43.1265
57.3150 1112.7226 43.1122
57.3160 1112.6795 43.0979
57.3170 1112.6364 43.0835
57.3180 1112.5934 43.0692
57.3190 1112.5503 43.0548
57.3200 1112.5073 43.0405
57.3210 1112.4642 43.0261
57.3220 1112.4212 43.0117
57.3230 1112.3782 42.9973
57.3240 1112.3353 42.9828
57.3250 1112.2923 42.9684
57.3260 1112.2493 42.9540
57.3270 1112.2064 42.9395
57.3280 1112.1635 42.9251
57.3290 1112.1206 42.9106
57.3300 1112.0777 42.8961
57.3310 1112.0348 42.8816
57.3320 1111.9919 42.8671
57.3330 1111.9491 42.8526
57.3340 1111.9062 42.8380
57.3350 1111.8634 42.8235
57.3360 1111.8206 42.8089
57.3370 1111.7778 42.7944
57.3380 1111.7350 42.7798
57.3390 1111.6922 42.7652
57.3400 1111.6495 42.7506
57.3410 1111.6068 42.7360
57.3420 1111.5640 42.7214
57.3430 1111.5213 42.7068
57.3440 1111.4786 42.6921
57.3450 1111.4360 42.6775
57.3460 1111.3933 42.6628
57.3470 1111.3507 42.6481
57.3480 1111.3080 42.6334
57.3490 1111.2654 42.6187
57.3500 1111.2228 42.6040
57.3510 1111.1802 42.5893
57.3520 1111.1376 42.5746
57.3530 1111.0951 42.5598
57.3540 1111.0525 42.5451
57.3550 1111.0100 42.5303
57.3560 1110.9675 42.5155
57.3570 1110.9250 42.5007
57.3580 1110.8825 42.4859
57.3590 1110.8400 42.4711
57.3600 1110.7976 42.4563
57.3610 1110.7551 42.4415
57.3620 1110.7127 42.4266
57.3630 1110.6703 42.4118
57.3640 1110.6279 42.3969
57.3650 1110.5855 42.3820
57.3660 1110.5431 42.3671
57.3670 1110.5008 42.3522
57.3680 1110.4585 42.3373
57.3690 1110.4161 42.3224
57.3700 1110.3738 42.3074
57.3710 1110.3315 42.2925
57.3720 1110.2893 42.2775
57.3730 1110.2470 42.2626
57.3740 1110.2047 42.2476
57.3750 1110.1625 42.2326
57.3760 1110.1203 42.2176
57.3770 1110.0781 42.2026
57.3780 1110.0359 42.1876
57.3790 1109.9937 42.1725
57.3800 1109.9516 42.1575
57.3810 1109.9094 42.1424
57.3820 1109.8673 42.1273
57.3830 1109.8252 42.1123
57.3840 1109.7831 42.0972
57.3850 1109.7410 42.0821
57.3860 1109.6989 42.0670
57.3870 1109.6569 42.0518
57.3880 1109.6149 42.0367
57.3890 1109.5728 42.0215
57.3900 1109.5308 42.0064
57.3910 1109.4888 41.9912
57.3920 1109.4469 41.9760
57.3930 1109.4049 41.9608
57.3940 1109.3630 41.9456
57.3950 1109.3210 41.9304
57.3960 1109.2791 41.9152
57.3970 1109.2372 41.8999
57.3980 1109.1953 41.8847
57.3990 1109.1535 41.8694
57.4000 1109.1116 41.8541
57.4010 1109.0698 41.8389
57.4020 1109.0279 41.8236
57.4030 1108.9861 41.8082
57.4040 1108.9443 41.7929
57.4050 1108.9026 41.7776
57.4060 1108.8608 41.7623
57.4070 1108.8191 41.7469
57.4080 1108.7773 41.7315
57.4090 1108.7356 41.7162
57.4100 1108.6939 41.7008
57.4110 1108.6522 41.6854
57.4120 1108.6105 41.6700
57.4130 1108.5689 41.6545
57.4140 1108.5273 41.6391
57.4150 1108.4856 41.6237
57.4160 1108.4440 41.6082
57.4170 1108.4024 41.5927
57.4180 1108.3609 41.5773
57.4190 1108.3193 41.5618
57.4200 1108.2777 41.5463
57.4210 1108.2362 41.5308
57.4220 1108.1947 41.5152
57.4230 1108.1532 41.4997
57.4240 1108.1117 41.4841
57.4250 1108.0702 41.4686
57.4260 1108.0288 41.4530
57.4270 1107.9874 41.4374
57.4280 1107.9459 41.4218
57.4290 1107.9045 41.4062
57.4300 1107.8631 41.3906
57.4310 1107.8218 41.3750
57.4320 1107.7804 41.3594
57.4330 1107.7391 41.3437
57.4340 1107.6977 41.3280
57.4350 1107.6564 41.3124
57.4360 1107.6151 41.2967
57.4370 1107.5738 41.2810
57.4380 1107.5326 41.2653
57.4390 1107.4913 41.2496
57.4400 1107.4501 41.2338
57.4410 1107.4089 41.2181
57.4420 1107.3677 41.2023
57.4430 1107.3265 41.1866
57.4440 1107.2853 41.1708
57.4450 1107.2442 41.1550
57.4460 1107.2030 41.1392
57.4470 1107.1619 41.1234
57.4480 1107.1208 41.1076
57.4490 1107.0797 41.0918
57.4500 1107.0386 41.0759
57.4510 1106.9976 41.0600
57.4520 1106.9565 41.0442
57.4530 1106.9155 41.0283
57.4540 1106.8745 41.0124
57.4550 1106.8335 40.9965
57.4560 1106.7925 40.9806
57.4570 1106.7515 40.9647
57.4580 1106.7106 40.9487
57.4590 1106.6697 40.9328
57.4600 1106.6287 40.9168
57.4610 1106.5878 40.9009
57.4620 1106.5470 40.8849
57.4630 1106.5061 40.8689
57.4640 1106.4652 40.8529
57.4650 1106.4244 40.8369
57.4660 1106.3836 40.8208
57.4670 1106.3428 40.8048
57.4680 1106.3020 40.7887
57.4690 1106.2612 40.7727
57.4700 1106.2204 40.7566
57.4710 1106.1797 40.7405
57.4720 1106.1390 40.7244
57.4730 1106.0983 40.7083
57.4740 1106.0576 40.6922
57.4750 1106.0169 40.6761
57.4760 1105.9762 40.6599
57.4770 1105.9356 40.6438
57.4780 1105.8950 40.6276
57.4790 1105.8544 40.6114
57.4800 1105.8138 40.5952
57.4810 1105.7732 40.5790
57.4820 1105.7326 40.5628
57.4830 1105.6921 40.5466
57.4840 1105.6515 40.5304
57.4850 1105.6110 40.5141
57.4860 1105.5705 40.4979
57.4870 1105.5301 40.4816
57.4880 1105.4896 40.4653
57.4890 1105.4491 40.4490
57.4900 1105.4087 40.4327
57.4910 1105.3683 40.4164
57.4920 1105.3279 40.4001
57.4930 1105.2875 40.3837
57.4940 1105.2471 40.3674
57.4950 1105.2068 40.3510
57.4960 1105.1665 40.3346
57.4970 1105.1261 40.3182
57.4980 1105.0858 40.3019
57.4990 1105.0456 40.2854
57.5000 1105.0053 40.2690
57.5010 1104.9650 40.2526
57.5020 1104.9248 40.2361
57.5030 1104.8846 40.2197
57.5040 1104.8444 40.2032
57.5050 1104.8042 40.1867
57.5060 1104.7640 40.1703
57.5070 1104.7239 40.1538
57.5080 1104.6837 40.1372
57.5090 1104.6436 40.1207
57.5100 1104.6035 40.1042
57.5110 1104.5634 40.0876
57.5120 1104.5233 40.0711
57.5130 1104.4833 40.0545
57.5140 1104.4432 40.0379
57.5150 1104.4032 40.0213
57.5160 1104.3632 40.0047
57.5170 1104.3232 39.9881
57.5180 1104.2833 39.9715
57.5190 1104.2433 39.9548
57.5200 1104.2034 39.9382
57.5210 1104.1634 39.9215
57.5220 1104.1235 39.9048
57.5230 1104.0837 39.8882
57.5240 1104.0438 39.8715
57.5250 1104.0039 39.8548
57.5260 1103.9641 39.8380
57.5270 1103.9243 39.8213
57.5280 1103.8845 39.8046
57.5290 1103.8447 39.7878
57.5300 1103.8049 39.7710
57.5310 1103.7651 39.7542
57.5320 1103.7254 39.7375
57.5330 1103.6857 39.7207
57.5340 1103.6460 39.7038
57.5350 1103.6063 39.6870
57.5360 1103.5666 39.6702
57.5370 1103.5270 39.6533
57.5380 1103.4873 39.6365
57.5390 1103.4477 39.6196
57.5400 1103.4081 39.6027
57.5410 1103.3685 39.5858
57.5420 1103.3290 39.5689
57.5430 1103.2894 39.5520
57.5440 1103.2499 39.5351
57.5450 1103.2104 39.5181
57.5460 1103.1709 39.5012
57.5470 1103.1314 39.4842
57.5480 1103.0919 39.4672
57.5490 1103.0525 39.4502
57.5500 1103.0130 39.4332
57.5510 1102.9736 39.4162
57.5520 1102.9342 39.3992
57.5530 1102.8948 39.3822
57.5540 1102.8555 39.3651
57.5550 1102.8161 39.3480
57.5560 1102.7768 39.3310
57.5570 1102.7375 39.3139
57.5580 1102.6982 39.2968
57.5590 1102.6589 39.2797
57.5600 1102.6196 39.2626
57.5610 1102.5804 39.2454
57.5620 1102.5412 39.2283
57.5630 1102.5019 39.2112
57.5640 1102.4627 39.1940
57.5650 1102.4236 39.1768
57.5660 1102.3844 39.1596
57.5670 1102.3453 39.1424
57.5680 1102.3061 39.1252
57.5690 1102.2670 39.1080
57.5700 1102.2279 39.0908
57.5710 1102.1889 39.0735
57.5720 1102.1498 39.0563
57.5730 1102.1108 39.0390
57.5740 1102.0718 39.0217
57.5750 1102.0328 39.0044
57.5760 1101.9938 38.9871
57.5770 1101.9548 38.9698
57.5780 1101.9158 38.9525
57.5790 1101.8769 38.9351
57.5800 1101.8380 38.9178
57.5810 1101.7991 38.9004
57.5820 1101.7602 38.8830
57.5830 1101.7213 38.8656
57.5840 1101.6825 38.8482
57.5850 1101.6437 38.8308
57.5860 1101.6048 38.8134
57.5870 1101.5661 38.7960
57.5880 1101.5273 38.7785
57.5890 1101.4885 38.7611
57.5900 1101.4498 38.7436
57.5910 1101.4110 38.7261
57.5920 1101.3723 38.7086
57.5930 1101.3336 38.6911
57.5940 1101.2950 38.6736
57.5950 1101.2563 38.6561
57.5960 1101.2177 38.6385
57.5970 1101.1791 38.6210
57.5980 1101.1404 38.6034
57.5990 1101.1019 38.5859
57.6000 1101.0633 38.5683
57.6010 1101.0247 38.5507
57.6020 1100.9862 38.5331
57.6030 1100.9477 38.5154
57.6040 1100.9092 38.4978
57.6050 1100.8707 38.4802
57.6060 1100.8323 38.4625
57.6070 1100.7938 38.4448
57.6080 1100.7554 38.4272
57.6090 1100.7170 38.4095
57.6100 1100.6786 38.3918
57.6110 1100.6402 38.3741
57.6120 1100.6019 38.3563
57.6130 1100.5635 38.3386
57.6140 1100.5252 38.3208
57.6150 1100.4869 38.3031
57.6160 1100.4486 38.2853
57.6170 1100.4103 38.2675
57.6180 1100.3721 38.2497
57.6190 1100.3339 38.2319
57.6200 1100.2956 38.2141
57.6210 1100.2574 38.1962
57.6220 1100.2193 38.1784
57.6230 1100.1811 38.1605
57.6240 1100.1430 38.1427
57.6250 1100.1048 38.1248
57.6260 1100.0667 38.1069
57.6270 1100.0286 38.0890
57.6280 1099.9906 38.0711
57.6290 1099.9525 38.0532
57.6300 1099.9145 38.0352
57.6310 1099.8765 38.0173
57.6320 1099.8385 37.9993
57.6330 1099.8005 37.9813
57.6340 1099.7625 37.9633
57.6350 1099.7246 37.9453
57.6360 1099.6866 37.9273
57.6370 1099.6487 37.9093
57.6380 1099.6108 37.8913
57.6390 1099.5730 37.8732
57.6400 1099.5351 37.8552
57.6410 1099.4973 37.8371
57.6420 1099.4595 37.8190
57.6430 1099.4217 37.8009
57.6440 1099.3839 37.7828
57.6450 1099.3461 37.7647
57.6460 1099.3084 37.7466
57.6470 1099.2706 37.7284
57.6480 1099.2329 37.7103
57.6490 1099.1952 37.6921
57.6500 1099.1576 37.6740
57.6510 1099.1199 37.6558
57.6520 1099.0823 37.6376
57.6530 1099.0447 37.6194
57.6540 1099.0071 37.6011
57.6550 1098.9695 37.5829
57.6560 1098.9319 37.5647
57.6570 1098.8944 37.5464
57.6580 1098.8568 37.5281
57.6590 1098.8193 37.5098
57.6600 1098.7818 37.4916
57.6610 1098.7444 37.4732
57.6620 1098.7069 37.4549
57.6630 1098.6695 37.4366
57.6640 1098.6320 37.4183
57.6650 1098.5946 37.3999
57.6660 1098.5573 37.3815
57.6670 1098.5199 37.3632
57.6680 1098.4826 37.3448
57.6690 1098.4452 37.3264
57.6700 1098.4079 37.3080
57.6710 1098.3706 37.2895
57.6720 1098.3334 37.2711
57.6730 1098.2961 37.2527
57.6740 1098.2589 37.2342
57.6750 1098.2217 37.2157
57.6760 1098.1845 37.1972
57.6770 1098.1473 37.1788
57.6780 1098.1101 37.1602
57.6790 1098.0730 37.1417
57.6800 1098.0359 37.1232
57.6810 1097.9988 37.1047
57.6820 1097.9617 37.0861
57.6830 1097.9246 37.0675
57.6840 1097.8875 37.0490
57.6850 1097.8505 37.0304
57.6860 1097.8135 37.0118
57.6870 1097.7765 36.9932
57.6880 1097.7395 36.9745
57.6890 1097.7026 36.9559
57.6900 1097.6656 36.9372
57.6910 1097.6287 36.9186
57.6920 1097.5918 36.8999
57.6930 1097.5549 36.8812
57.6940 1097.5181 36.8625
57.6950 1097.4812 36.8438
57.6960 1097.4444 36.8251
57.6970 1097.4076 36.8064
57.6980 1097.3708 36.7876
57.6990 1097.3341 36.7689
57.7000 1097.2973 36.7501
57.7010 1097.2606 36.7313
57.7020 1097.2239 36.7125
57.7030 1097.1872 36.6937
57.7040 1097.1505 36.6749
57.7050 1097.1138 36.6561
57.7060 1097.0772 36.6372
57.7070 1097.0406 36.6184
57.7080 1097.0040 36.5995
57.7090 1096.9674 36.5806
57.7100 1096.9308 36.5618
57.7110 1096.8943 36.5429
57.7120 1096.8578 36.5240
57.7130 1096.8213 36.5050
57.7140 1096.7848 36.4861
57.7150 1096.7483 36.4672
57.7160 1096.7119 36.4482
57.7170 1096.6754 36.4292
57.7180 1096.6390 36.4102
57.7190 1096.6026 36.3912
57.7200 1096.5663 36.3722
57.7210 1096.5299 36.3532
57.7220 1096.4936 36.3342
57.7230 1096.4573 36.3152
57.7240 1096.4210 36.2961
57.7250 1096.3847 36.2770
57.7260 1096.3484 36.2580
57.7270 1096.3122 36.2389
57.7280 1096.2760 36.2198
57.7290 1096.2398 36.2007
57.7300 1096.2036 36.1815
57.7310 1096.1674 36.1624
57.7320 1096.1313 36.1432
57.7330 1096.0952 36.1241
57.7340 1096.0590 36.1049
57.7350 1096.0230 36.0857
57.7360 1095.9869 36.0665
57.7370 1095.9509 36.0473
57.7380 1095.9148 36.0281
57.7390 1095.8788 36.0089
57.7400 1095.8428 35.9896
57.7410 1095.8069 35.9704
57.7420 1095.7709 35.9511
57.7430 1095.7350 35.9318
57.7440 1095.6991 35.9125
57.7450 1095.6632 35.8932
57.7460 1095.6273 35.8739
57.7470 1095.5914 35.8546
57.7480 1095.5556 35.8352
57.7490 1095.5198 35.8159
57.7500 1095.4840 35.7965
57.7510 1095.4482 35.7772
57.7520 1095.4125 35.7578
57.7530 1095.3767 35.7384
57.7540 1095.3410 35.7190
57.7550 1095.3053 35.6995
57.7560 1095.2696 35.6801
57.7570 1095.2340 35.6607
57.7580 1095.1983 35.6412
57.7590 1095.1627 35.6217
57.7600 1095.1271 35.6022
57.7610 1095.0915 35.5828
57.7620 1095.0559 35.5632
57.7630 1095.0204 35.5437
57.7640 1094.9849 35.5242
57.7650 1094.9494 35.5047
57.7660 1094.9139 35.4851
57.7670 1094.8784 35.4655
57.7680 1094.8430 35.4460
57.7690 1094.8075 35.4264
57.7700 1094.7721 35.4068
57.7710 1094.7368 35.3872
57.7720 1094.7014 35.3675
57.7730 1094.6660 35.3479
57.7740 1094.6307 35.3282
57.7750 1094.5954 35.3086
57.7760 1094.5601 35.2889
57.7770 1094.5248 35.2692
57.7780 1094.4896 35.2495
57.7790 1094.4544 35.2298
57.7800 1094.4192 35.2101
57.7810 1094.3840 35.1904
57.7820 1094.3488 35.1706
57.7830 1094.3136 35.1509
57.7840 1094.2785 35.1311
57.7850 1094.2434 35.1113
57.7860 1094.2083 35.0915
57.7870 1094.1732 35.0717
57.7880 1094.1382 35.0519
57.7890 1094.1032 35.0321
57.7900 1094.0681 35.0122
57.7910 1094.0331 34.9924
57.7920 1093.9982 34.9725
57.7930 1093.9632 34.9526
57.7940 1093.9283 34.9327
57.7950 1093.8934 34.9128
57.7960 1093.8585 34.8929
57.7970 1093.8236 34.8730
57.7980 1093.7888 34.8531
57.7990 1093.7539 34.8331
57.8000 1093.7191 34.8132
57.8010 1093.6843 34.7932
57.8020 1093.6495 34.7732
57.8030 1093.6148 34.7532
57.8040 1093.5801 34.7332
57.8050 1093.5453 34.7132
57.8060 1093.5107 34.6931
57.8070 1093.4760 34.6731
57.8080 1093.4413 34.6530
57.8090 1093.4067 34.6330
57.8100 1093.3721 34.6129
57.8110 1093.3375 34.5928
57.8120 1093.3029 34.5727
57.8130 1093.2684 34.5526
57.8140 1093.2338 34.5325
57.8150 1093.1993 34.5123
57.8160 1093.1648 34.4922
57.8170 1093.1304 34.4720
57.8180 1093.0959 34.4518
57.8190 1093.0615 34.4316
57.8200 1093.0271 34.4114
57.8210 1092.9927 34.3912
57.8220 1092.9583 34.3710
57.8230 1092.9239 34.3508
57.8240 1092.8896 34.3305
57.8250 1092.8553 34.3103
57.8260 1092.8210 34.2900
57.8270 1092.7867 34.2697
57.8280 1092.7525 34.2494
57.8290 1092.7183 34.2291
57.8300 1092.6841 34.2088
57.8310 1092.6499 34.1885
57.8320 1092.6157 34.1681
57.8330 1092.5816 34.1478
57.8340 1092.5474 34.1274
57.8350 1092.5133 34.1070
57.8360 1092.4792 34.0866
57.8370 1092.4452 34.0662
57.8380 1092.4111 34.0458
57.8390 1092.3771 34.0254
57.8400 1092.3431 34.0049
57.8410 1092.3091 33.9845
57.8420 1092.2751 33.9640
57.8430 1092.2412 33.9435
57.8440 1092.2073 33.9231
57.8450 1092.1734 33.9026
57.8460 1092.1395 33.8820
57.8470 1092.1056 33.8615
57.8480 1092.0718 33.8410
57.8490 1092.0380 33.8204
57.8500 1092.0042 33.7999
57.8510 1091.9704 33.7793
57.8520 1091.9366 33.7587
57.8530 1091.9029 33.7381
57.8540 1091.8692 33.7175
57.8550 1091.8355 33.6969
57.8560 1091.8018 33.6763
57.8570 1091.7681 33.6556
57.8580 1091.7345 33.6350
57.8590 1091.7009 33.6143
57.8600 1091.6673 33.5936
57.8610 1091.6337 33.5729
57.8620 1091.6002 33.5522
57.8630 1091.5666 33.5315
57.8640 1091.5331 33.5108
57.8650 1091.4996 33.4901
57.8660 1091.4662 33.4693
57.8670 1091.4327 33.4486
57.8680 1091.3993 33.4278
57.8690 1091.3659 33.4070
57.8700 1091.3325 33.3862
57.8710 1091.2991 33.3654
57.8720 1091.2658 33.3446
57.8730 1091.2325 33.3237
57.8740 1091.1992 33.3029
57.8750 1091.1659 33.2820
57.8760 1091.1326 33.2612
57.8770 1091.0994 33.2403
57.8780 1091.0662 33.2194
57.8790 1091.0330 33.1985
57.8800 1090.9998 33.1776
57.8810 1090.9666 33.1566
57.8820 1090.9335 33.1357
57.8830 1090.9004 33.1147
57.8840 1090.8673 33.0938
57.8850 1090.8342 33.0728
57.8860 1090.8012 33.0518
57.8870 1090.7681 33.0308
57.8880 1090.7351 33.0098
57.8890 1090.7021 32.9888
57.8900 1090.6692 32.9677
57.8910 1090.6362 32.9467
57.8920 1090.6033 32.9256
57.8930 1090.5704 32.9045
57.8940 1090.5375 32.8834
57.8950 1090.5046 32.8624
57.8960 1090.4718 32.8412
57.8970 1090.4390 32.8201
57.8980 1090.4062 32.7990
57.8990 1090.3734 32.7778
57.9000 1090.3407 32.7567
57.9010 1090.3079 32.7355
57.9020 1090.2752 32.7143
57.9030 1090.2425 32.6931
57.9040 1090.2098 32.6719
57.9050 1090.1772 32.6507
57.9060 1090.1446 32.6295
57.9070 1090.1119 32.6082
57.9080 1090.0794 32.5870
57.9090 1090.0468 32.5657
57.9100 1090.0143 32.5445
57.9110 1089.9817 32.5232
57.9120 1089.9492 32.5019
57.9130 1089.9167 32.4805
57.9140 1089.8843 32.4592
57.9150 1089.8518 32.4379
57.9160 1089.8194 32.4165
57.9170 1089.7870 32.3952
57.9180 1089.7547 32.3738
57.9190 1089.7223 32.3524
57.9200 1089.6900 32.3310
57.9210 1089.6577 32.3096
57.9220 1089.6254 32.2882
57.9230 1089.5931 32.2668
57.9240 1089.5609 32.2453
57.9250 1089.5286 32.2239
57.9260 1089.4964 32.2024
57.9270 1089.4643 32.1809
57.9280 1089.4321 32.1594
57.9290 1089.4000 32.1379
57.9300 1089.3678 32.1164
57.9310 1089.3358 32.0949
57.9320 1089.3037 32.0733
57.9330 1089.2716 32.0518
57.9340 1089.2396 32.0302
57.9350 1089.2076 32.0086
57.9360 1089.1756 31.9870
57.9370 1089.1436 31.9654
57.9380 1089.1117 31.9438
57.9390 1089.0798 31.9222
57.9400 1089.0479 31.9006
57.9410 1089.0160 31.8789
57.9420 1088.9841 31.8573
57.9430 1088.9523 31.8356
57.9440 1088.9205 31.8139
57.9450 1088.8887 31.7922
57.9460 1088.8569 31.7705
57.9470 1088.8252 31.7488
57.9480 1088.7934 31.7271
57.9490 1088.7617 31.7053
57.9500 1088.7301 31.6836
57.9510 1088.6984 31.6618
57.9520 1088.6668 31.6400
57.9530 1088.6351 31.6182
57.9540 1088.6035 31.5964
57.9550 1088.5720 31.5746
57.9560 1088.5404 31.5528
57.9570 1088.5089 31.5309
57.9580 1088.4774 31.5091
57.9590 1088.4459 31.4872
57.9600 1088.4144 31.4653
57.9610 1088.3830 31.4435
57.9620 1088.3516 31.4216
57.9630 1088.3202 31.3996
57.9640 1088.2888 31.3777
57.9650 1088.2574 31.3558
57.9660 1088.2261 31.3338
57.9670 1088.1948 31.3119
57.9680 1088.1635 31.2899
57.9690 1088.1322 31.2679
57.9700 1088.1010 31.2459
57.9710 1088.0697 31.2239
57.9720 1088.0385 31.2019
57.9730 1088.0074 31.1799
57.9740 1087.9762 31.1578
57.9750 1087.9451 31.1358
57.9760 1087.9140 31.1137
57.9770 1087.8829 31.0916
57.9780 1087.8518 31.0696
57.9790 1087.8208 31.0474
57.9800 1087.7897 31.0253
57.9810 1087.7587 31.0032
57.9820 1087.7277 30.9811
57.9830 1087.6968 30.9589
57.9840 1087.6658 30.9368
57.9850 1087.6349 30.9146
57.9860 1087.6040 30.8924
57.9870 1087.5732 30.8702
57.9880 1087.5423 30.8480
57.9890 1087.5115 30.8258
57.9900 1087.4807 30.8035
57.9910 1087.4499 30.7813
57.9920 1087.4192 30.7590
57.9930 1087.3884 30.7368
57.9940 1087.3577 30.7145
57.9950 1087.3270 30.6922
57.9960 1087.2963 30.6699
57.9970 1087.2657 30.6476
57.9980 1087.2351 30.6252
57.9990 1087.2045 30.6029
58.0000 1087.1739 30.5806
58.0010 1087.1433 30.5582
58.0020 1087.1128 30.5358
58.0030 1087.0823 30.5134
58.0040 1087.0518 30.4910
58.0050 1087.0213 30.4686
58.0060 1086.9909 30.4462
58.0070 1086.9604 30.4238
58.0080 1086.9300 30.4013
58.0090 1086.8997 30.3788
58.0100 1086.8693 30.3564
58.0110 1086.8390 30.3339
58.0120 1086.8087 30.3114
58.0130 1086.7784 30.2889
58.0140 1086.7481 30.2664
58.0150 1086.7179 30.2438
58.0160 1086.6876 30.2213
58.0170 1086.6574 30.1987
58.0180 1086.6273 30.1762
58.0190 1086.5971 30.1536
58.0200 1086.5670 30.1310
58.0210 1086.5369 30.1084
58.0220 1086.5068 30.0858
58.0230 1086.4767 30.0632
58.0240 1086.4467 30.0405
58.0250 1086.4167 30.0179
58.0260 1086.3867 29.9952
58.0270 1086.3567 29.9725
58.0280 1086.3268 29.9499
58.0290 1086.2968 29.9272
58.0300 1086.2669 29.9045
58.0310 1086.2370 29.8817
58.0320 1086.2072 29.8590
58.0330 1086.1773 29.8363
58.0340 1086.1475 29.8135
58.0350 1086.1177 29.7907
58.0360 1086.0880 29.7680
58.0370 1086.0582 29.7452
58.0380 1086.0285 29.7224
58.0390 1085.9988 29.6995
58.0400 1085.9691 29.6767
58.0410 1085.9395 29.6539
58.0420 1085.9098 29.6310
58.0430 1085.8802 29.6082
58.0440 1085.8506 29.5853
58.0450 1085.8211 29.5624
58.0460 1085.7915 29.5395
58.0470 1085.7620 29.5166
58.0480 1085.7325 29.4937
58.0490 1085.7031 29.4707
58.0500 1085.6736 29.4478
58.0510 1085.6442 29.4248
58.0520 1085.6148 29.4019
58.0530 1085.5854 29.3789
58.0540 1085.5561 29.3559
58.0550 1085.5267 29.3329
58.0560 1085.4974 29.3099
58.0570 1085.4681 29.2868
58.0580 1085.4389 29.2638
58.0590 1085.4096 29.2407
58.0600 1085.3804 29.2177
58.0610 1085.3512 29.1946
58.0620 1085.3220 29.1715
58.0630 1085.2929 29.1484
58.0640 1085.2638 29.1253
58.0650 1085.2347 29.1022
58.0660 1085.2056 29.0790
58.0670 1085.1765 29.0559
58.0680 1085.1475 29.0327
58.0690 1085.1185 29.0096
58.0700 1085.0895 28.9864
58.0710 1085.0605 28.9632
58.0720 1085.0316 28.9400
58.0730 1085.0027 28.9167
58.0740 1084.9738 28.8935
58.0750 1084.9449 28.8703
58.0760 1084.9161 28.8470
58.0770 1084.8872 28.8238
58.0780 1084.8584 28.8005
58.0790 1084.8297 28.7772
58.0800 1084.8009 28.7539
58.0810 1084.7722 28.7306
58.0820 1084.7435 28.7072
58.0830 1084.7148 28.6839
58.0840 1084.6861 28.6606
58.0850 1084.6575 28.6372
58.0860 1084.6289 28.6138
58.0870 1084.6003 28.5904
58.0880 1084.5717 28.5671
58.0890 1084.5432 28.5436
58.0900 1084.5147 28.5202
58.0910 1084.4862 28.4968
58.0920 1084.4577 28.4734
58.0930 1084.4292 28.4499
58.0940 1084.4008 28.4264
58.0950 1084.3724 28.4030
58.0960 1084.3440 28.3795
58.0970 1084.3157 28.3560
58.0980 1084.2873 28.3325
58.0990 1084.2590 28.3089
58.1000 1084.2307 28.2854
58.1010 1084.2025 28.2618
58.1020 1084.1742 28.2383
58.1030 1084.1460 28.2147
58.1040 1084.1178 28.1911
58.1050 1084.0897 28.1675
58.1060 1084.0615 28.1439
58.1070 1084.0334 28.1203
58.1080 1084.0053 28.0967
58.1090 1083.9772 28.0730
58.1100 1083.9492 28.0494
58.1110 1083.9212 28.0257
58.1120 1083.8932 28.0020
58.1130 1083.8652 27.9783
58.1140 1083.8372 27.9546
58.1150 1083.8093 27.9309
58.1160 1083.7814 27.9072
58.1170 1083.7535 27.8835
58.1180 1083.7256 27.8597
58.1190 1083.6978 27.8360
58.1200 1083.6700 27.8122
58.1210 1083.6422 27.7884
58.1220 1083.6144 27.7646
58.1230 1083.5867 27.7408
58.1240 1083.5590 27.7170
58.1250 1083.5313 27.6932
58.1260 1083.5036 27.6693
58.1270 1083.4760 27.6455
58.1280 1083.4484 27.6216
58.1290 1083.4208 27.5977
58.1300 1083.3932 27.5738
58.1310 1083.3656 27.5499
58.1320 1083.3381 27.5260
58.1330 1083.3106 27.5021
58.1340 1083.2831 27.4782
58.1350 1083.2557 27.4542
58.1360 1083.2282 27.4302
58.1370 1083.2008 27.4063
58.1380 1083.1735 27.3823
58.1390 1083.1461 27.3583
58.1400 1083.1188 27.3343
58.1410 1083.0915 27.3103
58.1420 1083.0642 27.2862
58.1430 1083.0369 27.2622
58.1440 1083.0097 27.2382
58.1450 1082.9825 27.2141
58.1460 1082.9553 27.1900
58.1470 1082.9281 27.1659
58.1480 1082.9010 27.1418
58.1490 1082.8738 27.1177
58.1500 1082.8467 27.0936
58.1510 1082.8197 27.0695
58.1520 1082.7926 27.0453
58.1530 1082.7656 27.0212
58.1540 1082.7386 26.9970
58.1550 1082.7116 26.9728
58.1560 1082.6847 26.9486
58.1570 1082.6578 26.9244
58.1580 1082.6309 26.9002
58.1590 1082.6040 26.8760
58.1600 1082.5771 26.8517
58.1610 1082.5503 26.8275
58.1620 1082.5235 26.8032
58.1630 1082.4967 26.7789
58.1640 1082.4700 26.7547
58.1650 1082.4432 26.7304
58.1660 1082.4165 26.7060
58.1670 1082.3899 26.6817
58.1680 1082.3632 26.6574
58.1690 1082.3366 26.6331
58.1700 1082.3100 26.6087
58.1710 1082.2834 26.5843
58.1720 1082.2568 26.5600
58.1730 1082.2303 26.5356
58.1740 1082.2038 26.5112
58.1750 1082.1773 26.4867
58.1760 1082.1508 26.4623
58.1770 1082.1244 26.4379
58.1780 1082.0980 26.4134
58.1790 1082.0716 26.3890
58.1800 1082.0452 26.3645
58.1810 1082.0189 26.3400
58.1820 1081.9926 26.3155
58.1830 1081.9663 26.2910
58.1840 1081.9400 26.2665
58.1850 1081.9138 26.2420
58.1860 1081.8875 26.2174
58.1870 1081.8613 26.1929
58.1880 1081.8352 26.1683
58.1890 1081.8090 26.1438
58.1900 1081.7829 26.1192
58.1910 1081.7568 26.0946
58.1920 1081.7308 26.0700
58.1930 1081.7047 26.0453
58.1940 1081.6787 26.0207
58.1950 1081.6527 25.9961
58.1960 1081.6267 25.9714
58.1970 1081.6008 25.9467
58.1980 1081.5748 25.9221
58.1990 1081.5490 25.8974
58.2000 1081.5231 25.8727
58.2010 1081.4972 25.8479
58.2020 1081.4714 25.8232
58.2030 1081.4456 25.7985
58.2040 1081.4198 25.7737
58.2050 1081.3941 25.7490
58.2060 1081.3684 25.7242
58.2070 1081.3427 25.6994
58.2080 1081.3170 25.6746
58.2090 1081.2913 25.6498
58.2100 1081.2657 25.6250
58.2110 1081.2401 25.6002
58.2120 1081.2145 25.5753
58.2130 1081.1890 25.5505
58.2140 1081.1635 25.5256
58.2150 1081.1380 25.5008
58.2160 1081.1125 25.4759
58.2170 1081.0870 25.4510
58.2180 1081.0616 25.4261
58.2190 1081.0362 25.4011
58.2200 1081.0108 25.3762
58.2210 1080.9855 25.3513
58.2220 1080.9602 25.3263
58.2230 1080.9349 25.3013
58.2240 1080.9096 25.2764
58.2250 1080.8843 25.2514
58.2260 1080.8591 25.2264
58.2270 1080.8339 25.2014
58.2280 1080.8087 25.1763
58.2290 1080.7836 25.1513
58.2300 1080.7584 25.1263
58.2310 1080.7333 25.1012
58.2320 1080.7083 25.0761
58.2330 1080.6832 25.0510
58.2340 1080.6582 25.0260
58.2350 1080.6332 25.0009
58.2360 1080.6082 24.9757
58.2370 1080.5833 24.9506
58.2380 1080.5583 24.9255
58.2390 1080.5334 24.9003
58.2400 1080.5086 24.8752
58.2410 1080.4837 24.8500
58.2420 1080.4589 24.8248
58.2430 1080.4341 24.7996
58.2440 1080.4093 24.7744
58.2450 1080.3846 24.7492
58.2460 1080.3598 24.7240
58.2470 1080.3351 24.6987
58.2480 1080.3105 24.6735
58.2490 1080.2858 24.6482
58.2500 1080.2612 24.6229
58.2510 1080.2366 24.5977
58.2520 1080.2120 24.5724
58.2530 1080.1875 24.5470
58.2540 1080.1630 24.5217
58.2550 1080.1385 24.4964
58.2560 1080.1140 24.4711
58.2570 1080.0895 24.4457
58.2580 1080.0651 24.4203
58.2590 1080.0407 24.3950
58.2600 1080.0164 24.3696
58.2610 1079.9920 24.3442
58.2620 1079.9677 24.3188
58.2630 1079.9434 24.2933
58.2640 1079.9191 24.2679
58.2650 1079.8949 24.2425
58.2660 1079.8707 24.2170
58.2670 1079.8465 24.1915
58.2680 1079.8223 24.1661
58.2690 1079.7982 24.1406
58.2700 1079.7741 24.1151
58.2710 1079.7500 24.0896
58.2720 1079.7259 24.0640
58.2730 1079.7019 24.0385
58.2740 1079.6779 24.0130
58.2750 1079.6539 23.9874
58.2760 1079.6299 23.9618
58.2770 1079.6060 23.9363
58.2780 1079.5821 23.9107
58.2790 1079.5582 23.8851
58.2800 1079.5343 23.8594
58.2810 1079.5105 23.8338
58.2820 1079.4867 23.8082
58.2830 1079.4629 23.7825
58.2840 1079.4391 23.7569
58.2850 1079.4154 23.7312
58.2860 1079.3917 23.7055
58.2870 1079.3680 23.6798
58.2880 1079.3444 23.6541
58.2890 1079.3207 23.6284
58.2900 1079.2971 23.6027
58.2910 1079.2736 23.5770
58.2920 1079.2500 23.5512
58.2930 1079.2265 23.5254
58.2940 1079.2030 23.4997
58.2950 1079.1795 23.4739
58.2960 1079.1561 23.4481
58.2970 1079.1326 23.4223
58.2980 1079.1092 23.3965
58.2990 1079.0859 23.3707
58.3000 1079.0625 23.3448
58.3010 1079.0392 23.3190
58.3020 1079.0159 23.2931
58.3030 1078.9926 23.2672
58.3040 1078.9694 23.2414
58.3050 1078.9462 23.2155
58.3060 1078.9230 23.1896
58.3070 1078.8998 23.1636
58.3080 1078.8767 23.1377
58.3090 1078.8536 23.1118
58.3100 1078.8305 23.0858
58.3110 1078.8074 23.0599
58.3120 1078.7844 23.0339
58.3130 1078.7614 23.0079
58.3140 1078.7384 22.9819
58.3150 1078.7155 22.9559
58.3160 1078.6925 22.9299
58.3170 1078.6696 22.9039
58.3180 1078.6467 22.8778
58.3190 1078.6239 22.8518
58.3200 1078.6011 22.8257
58.3210 1078.5783 22.7997
58.3220 1078.5555 22.7736
58.3230 1078.5327 22.7475
58.3240 1078.5100 22.7214
58.3250 1078.4873 22.6953
58.3260 1078.4647 22.6691
58.3270 1078.4420 22.6430
58.3280 1078.4194 22.6168
58.3290 1078.3968 22.5907
58.3300 1078.3742 22.5645
58.3310 1078.3517 22.5383
58.3320 1078.3292 22.5121
58.3330 1078.3067 22.4859
58.3340 1078.2843 22.4597
58.3350 1078.2618 22.4335
58.3360 1078.2394 22.4073
58.3370 1078.2170 22.3810
58.3380 1078.1947 22.3548
58.3390 1078.1723 22.3285
58.3400 1078.1500 22.3022
58.3410 1078.1278 22.2759
58.3420 1078.1055 22.2496
58.3430 1078.0833 22.2233
58.3440 1078.0611 22.1970
58.3450 1078.0389 22.1706
58.3460 1078.0168 22.1443
58.3470 1077.9947 22.1179
58.3480 1077.9726 22.0916
58.3490 1077.9505 22.0652
58.3500 1077.9285 22.0388
58.3510 1077.9065 22.0124
58.3520 1077.8845 21.9860
58.3530 1077.8625 21.9596
58.3540 1077.8406 21.9331
58.3550 1077.8187 21.9067
58.3560 1077.7968 21.8802
58.3570 1077.7749 21.8538
58.3580 1077.7531 21.8273
58.3590 1077.7313 21.8008
58.3600 1077.7095 21.7743
58.3610 1077.6878 21.7478
58.3620 1077.6661 21.7213
58.3630 1077.6444 21.6947
58.3640 1077.6227 21.6682
58.3650 1077.6011 21.6416
58.3660 1077.5794 21.6151
58.3670 1077.5579 21.5885
58.3680 1077.5363 21.5619
58.3690 1077.5148 21.5353
58.3700 1077.4933 21.5087
58.3710 1077.4718 21.4821
58.3720 1077.4503 21.4554
58.3730 1077.4289 21.4288
58.3740 1077.4075 21.4021
58.3750 1077.3861 21.3755
58.3760 1077.3648 21.3488
58.3770 1077.3434 21.3221
58.3780 1077.3221 21.2954
58.3790 1077.3009 21.2687
58.3800 1077.2796 21.2420
58.3810 1077.2584 21.2153
58.3820 1077.2372 21.1885
58.3830 1077.2161 21.1618
58.3840 1077.1949 21.1350
58.3850 1077.1738 21.1083
58.3860 1077.1527 21.0815
58.3870 1077.1317 21.0547
58.3880 1077.1107 21.0279
58.3890 1077.0897 21.0011
58.3900 1077.0687 20.9742
58.3910 1077.0477 20.9474
58.3920 1077.0268 20.9206
58.3930 1077.0059 20.8937
58.3940 1076.9851 20.8668
58.3950 1076.9642 20.8400
58.3960 1076.9434 20.8131
58.3970 1076.9226 20.7862
58.3980 1076.9019 20.7593
58.3990 1076.8811 20.7323
58.4000 1076.8604 20.7054
58.4010 1076.8397 20.6785
58.4020 1076.8191 20.6515
58.4030 1076.7985 20.6246
58.4040 1076.7779 20.5976
58.4050 1076.7573 20.5706
58.4060 1076.7368 20.5436
58.4070 1076.7162 20.5166
58.4080 1076.6957 20.4896
58.4090 1076.6753 20.4625
58.4100 1076.6548 20.4355
58.4110 1076.6344 20.4085
58.4120 1076.6141 20.3814
58.4130 1076.5937 20.3543
58.4140 1076.5734 20.3272
58.4150 1076.5531 20.3002
58.4160 1076.5328 20.2731
58.4170 1076.5126 20.2459
58.4180 1076.4923 20.2188
58.4190 1076.4721 20.1917
58.4200 1076.4520 20.1645
58.4210 1076.4318 20.1374
58.4220 1076.4117 20.1102
58.4230 1076.3917 20.0830
58.4240 1076.3716 20.0559
58.4250 1076.3516 20.0287
58.4260 1076.3316 20.0014
58.4270 1076.3116 19.9742
58.4280 1076.2916 19.9470
58.4290 1076.2717 19.9198
58.4300 1076.2518 19.8925
58.4310 1076.2320 19.8653
58.4320 1076.2121 19.8380
58.4330 1076.1923 19.8107
58.4340 1076.1725 19.7834
58.4350 1076.1528 19.7561
58.4360 1076.1331 19.7288
58.4370 1076.1133 19.7015
58.4380 1076.0937 19.6741
58.4390 1076.0740 19.6468
58.4400 1076.0544 19.6194
58.4410 1076.0348 19.5921
58.4420 1076.0153 19.5647
58.4430 1075.9957 19.5373
58.4440 1075.9762 19.5099
58.4450 1075.9567 19.4825
58.4460 1075.9373 19.4551
58.4470 1075.9178 19.4277
58.4480 1075.8984 19.4002
58.4490 1075.8791 19.3728
58.4500 1075.8597 19.3453
58.4510 1075.8404 19.3178
58.4520 1075.8211 19.2904
58.4530 1075.8018 19.2629
58.4540 1075.7826 19.2354
58.4550 1075.7634 19.2079
58.4560 1075.7442 19.1803
58.4570 1075.7251 19.1528
58.4580 1075.7059 19.1253
58.4590 1075.6869 19.0977
58.4600 1075.6678 19.0702
58.4610 1075.6487 19.0426
58.4620 1075.6297 19.0150
58.4630 1075.6107 18.9874
58.4640 1075.5918 18.9598
58.4650 1075.5728 18.9322
58.4660 1075.5539 18.9046
58.4670 1075.5351 18.8769
58.4680 1075.5162 18.8493
58.4690 1075.4974 18.8216
58.4700 1075.4786 18.7940
58.4710 1075.4598 18.7663
58.4720 1075.4411 18.7386
58.4730 1075.4224 18.7109
58.4740 1075.4037 18.6832
58.4750 1075.3850 18.6555
58.4760 1075.3664 18.6277
58.4770 1075.3478 18.6000
58.4780 1075.3292 18.5723
58.4790 1075.3107 18.5445
58.4800 1075.2922 18.5167
58.4810 1075.2737 18.4890
58.4820 1075.2552 18.4612
58.4830 1075.2368 18.4334
58.4840 1075.2184 18.4056
58.4850 1075.2000 18.3777
58.4860 1075.1817 18.3499
58.4870 1075.1633 18.3221
58.4880 1075.1450 18.2942
58.4890 1075.1268 18.2664
58.4900 1075.1085 18.2385
58.4910 1075.0903 18.2106
58.4920 1075.0722 18.1827
58.4930 1075.0540 18.1548
58.4940 1075.0359 18.1269
58.4950 1075.0178 18.0990
58.4960 1074.9997 18.0711
58.4970 1074.9817 18.0431
58.4980 1074.9636 18.0152
58.4990 1074.9457 17.9872
58.5000 1074.9277 17.9592
58.5010 1074.9098 17.9313
58.5020 1074.8919 17.9033
58.5030 1074.8740 17.8753
58.5040 1074.8561 17.8472
58.5050 1074.8383 17.8192
58.5060 1074.8205 17.7912
58.5070 1074.8028 17.7632
58.5080 1074.7850 17.7351
58.5090 1074.7673 17.7070
58.5100 1074.7496 17.6790
58.5110 1074.7320 17.6509
58.5120 1074.7144 17.6228
58.5130 1074.6968 17.5947
58.5140 1074.6792 17.5666
58.5150 1074.6617 17.5385
58.5160 1074.6442 17.5103
58.5170 1074.6267 17.4822
58.5180 1074.6092 17.4540
58.5190 1074.5918 17.4259
58.5200 1074.5744 17.3977
58.5210 1074.5570 17.3695
58.5220 1074.5397 17.3413
58.5230 1074.5224 17.3131
58.5240 1074.5051 17.2849
58.5250 1074.4878 17.2567
58.5260 1074.4706 17.2285
58.5270 1074.4534 17.2002
58.5280 1074.4362 17.1720
58.5290 1074.4191 17.1437
58.5300 1074.4020 17.1154
58.5310 1074.3849 17.0872
58.5320 1074.3678 17.0589
58.5330 1074.3508 17.0306
58.5340 1074.3338 17.0023
58.5350 1074.3168 16.9739
58.5360 1074.2999 16.9456
58.5370 1074.2830 16.9173
58.5380 1074.2661 16.8889
58.5390 1074.2492 16.8606
58.5400 1074.2324 16.8322
58.5410 1074.2156 16.8038
58.5420 1074.1988 16.7754
58.5430 1074.1820 16.7470
58.5440 1074.1653 16.7186
58.5450 1074.1486 16.6902
58.5460 1074.1320 16.6618
58.5470 1074.1153 16.6334
58.5480 1074.0987 16.6049
58.5490 1074.0822 16.5765
58.5500 1074.0656 16.5480
58.5510 1074.0491 16.5195
58.5520 1074.0326 16.4910
58.5530 1074.0161 16.4625
58.5540 1073.9997 16.4340
58.5550 1073.9833 16.4055
58.5560 1073.9669 16.3770
58.5570 1073.9506 16.3485
58.5580 1073.9343 16.3199
58.5590 1073.9180 16.2914
58.5600 1073.9017 16.2628
58.5610 1073.8855 16.2342
58.5620 1073.8693 16.2056
58.5630 1073.8531 16.1771
58.5640 1073.8369 16.1485
58.5650 1073.8208 16.1198
58.5660 1073.8047 16.0912
58.5670 1073.7887 16.0626
58.5680 1073.7726 16.0340
58.5690 1073.7566 16.0053
58.5700 1073.7406 15.9766
58.5710 1073.7247 15.9480
58.5720 1073.7088 15.9193
58.5730 1073.6929 15.8906
58.5740 1073.6770 15.8619
58.5750 1073.6612 15.8332
58.5760 1073.6454 15.8045
58.5770 1073.6296 15.7758
58.5780 1073.6139 15.7470
58.5790 1073.5982 15.7183
58.5800 1073.5825 15.6895
58.5810 1073.5668 15.6608
58.5820 1073.5512 15.6320
58.5830 1073.5356 15.6032
58.5840 1073.5200 15.5744
58.5850 1073.5044 15.5456
58.5860 1073.4889 15.5168
58.5870 1073.4734 15.4880
58.5880 1073.4580 15.4592
58.5890 1073.4426 15.4303
58.5900 1073.4271 15.4015
58.5910 1073.4118 15.3726
58.5920 1073.3964 15.3438
58.5930 1073.3811 15.3149
58.5940 1073.3658 15.2860
58.5950 1073.3506 15.2571
58.5960 1073.3353 15.2282
58.5970 1073.3201 15.1993
58.5980 1073.3050 15.1704
58.5990 1073.2898 15.1414
58.6000 1073.2747 15.1125
58.6010 1073.2596 15.0836
58.7010 1072.0393 12.2034
58.8010 1070.9736 10.6567
58.9010 1070.0027 9.7098
59.0010 1069.0936 9.0902
59.1010 1068.2268 8.6682
59.2010 1067.3895 8.3734
59.3010 1066.5731 8.1638
59.4010 1065.7718 8.0130
59.5010 1064.9814 7.9036
59.6010 1064.1991 7.8237
59.7010 1063.4226 7.7652
59.8010 1062.6503 7.7221
59.9010 1061.8813 7.6904
60.0010 1061.1146 7.6669
60.1010 1060.3497 7.6496
60.2010 1059.5860 7.6368
60.3010 1058.8233 7.6273
60.4010 1058.0612 7.6202
60.5010 1057.2997 7.6150
60.6010 1056.5386 7.6111
60.7010 1055.7778 7.6083
60.8010 1055.0172 7.6061
60.9010 1054.2567 7.6045
61.0010 1053.4964 7.6034
61.1010 1052.7361 7.6025
61.2010 1051.9760 7.6019
61.3010 1051.2158 7.6014
61.4010 1050.4557 7.6010
61.5010 1049.6956 7.6008
61.6010 1048.9356 7.6006
61.7010 1048.1755 7.6004
61.8010 1047.4155 7.6003
61.9010 1046.6555 7.6002
62.0010 1045.8955 7.6002
62.1010 1045.1355 7.6001
62.2010 1044.3754 7.6001
62.3010 1043.6154 7.6001
62.4010 1042.8554 7.6001
62.5010 1042.0954 7.6000
62.6010 1041.3354 7.6000
62.7010 1040.5754 7.6000
62.8010 1039.8154 7.6000
62.9010 1039.0554 7.6000
63.0010 1038.2954 7.6000
63.1010 1037.5354 7.6000
63.2010 1036.7754 7.6000
63.3010 1036.0154 7.6000
63.4010 1035.2554 7.6000
63.5010 1034.4954 7.6000
63.6010 1033.7354 7.6000
63.7010 1032.9754 7.6000
63.8010 1032.2154 7.6000
63.9010 1031.4554 7.6000
64.0010 1030.6954 7.6000
64.1010 1029.9354 7.6000
64.2010 1029.1754 7.6000
64.3010 1028.4154 7.6000
64.4010 1027.6554 7.6000
64.5010 1026.8954 7.6000
64.6010 1026.1354 7.6000
64.7010 1025.3754 7.6000
64.8010 1024.6154 7.6000
64.9010 1023.8554 7.6000
65.0010 1023.0954 7.6000
65.1010 1022.3354 7.6000
65.2010 1021.5754 7.6000
65.3010 1020.8154 7.6000
65.4010 1020.0554 7.6000
65.5010 1019.2954 7.6000
65.6010 1018.5354 7.6000
65.7010 1017.7754 7.6000
65.8010 1017.0154 7.6000
65.9010 1016.2554 7.6000
66.0010 1015.4954 7.6000
66.1010 1014.7354 7.6000
66.2010 1013.9754 7.6000
66.3010 1013.2154 7.6000
66.4010 1012.4554 7.6000
66.5010 1011.6954 7.6000
66.6010 1010.9354 7.6000
66.7010 1010.1754 7.6000
66.8010 1009.4154 7.6000
66.9010 1008.6554 7.6000
67.0010 1007.8954 7.6000
67.1010 1007.1354 7.6000
67.2010 1006.3754 7.6000
67.3010 1005.6154 7.6000
67.4010 1004.8554 7.6000
67.5010 1004.0954 7.6000
67.6010 1003.3354 7.6000
67.7010 1002.5754 7.6000
67.8010 1001.8154 7.6000
67.9010 1001.0554 7.6000
68.0010 1000.2954 7.6000
68.1010 999.5354 7.6000
68.2010 998.7754 7.6000
68.3010 998.0154 7.6000
68.4010 997.2554 7.6000
68.5010 996.4954 7.6000
68.6010 995.7354 7.6000
68.7010 994.9754 7.6000
68.8010 994.2154 7.6000
68.9010 993.4554 7.6000
69.0010 992.6954 7.6000
69.1010 991.9354 7.6000
69.2010 991.1754 7.6000
69.3010 990.4154 7.6000
69.4010 989.6554 7.6000
69.5010 988.8954 7.6000
69.6010 988.1354 7.6000
69.7010 987.3754 7.6000
69.8010 986.6154 7.6000
69.9010 985.8554 7.6000
70.0010 985.0954 7.6000
70.1010 984.3354 7.6000
70.2010 983.5754 7.6000
70.3010 982.8154 7.6000
70.4010 982.0554 7.6000
70.5010 981.2954 7.6000
70.6010 980.5354 7.6000
70.7010 979.7754 7.6000
70.8010 979.0154 7.6000
70.9010 978.2554 7.6000
71.0010 977.4954 7.6000
71.1010 976.7354 7.6000
71.2010 975.9754 7.6000
71.3010 975.2154 7.6000
71.4010 974.4554 7.6000
71.5010 973.6954 7.6000
71.6010 972.9354 7.6000
71.7010 972.1754 7.6000
71.8010 971.4154 7.6000
71.9010 970.6554 7.6000
72.0010 969.8954 7.6000
72.1010 969.1354 7.6000
72.2010 968.3754 7.6000
72.3010 967.6154 7.6000
72.4010 966.8554 7.6000
72.5010 966.0954 7.6000
72.6010 965.3354 7.6000
72.7010 964.5754 7.6000
72.8010 963.8154 7.6000
72.9010 963.0554 7.6000
73.0010 962.2954 7.6000
73.1010 961.5354 7.6000
73.2010 960.7754 7.6000
73.3010 960.0154 7.6000
73.4010 959.2554 7.6000
73.5010 958.4954 7.6000
73.6010 957.7354 7.6000
73.7010 956.9754 7.6000
73.8010 956.2154 7.6000
73.9010 955.4554 7.6000
74.0010 954.6954 7.6000
74.1010 953.9354 7.6000
74.2010 953.1754 7.6000
74.3010 952.4154 7.6000
74.4010 951.6554 7.6000
74.5010 950.8954 7.6000
74.6010 950.1354 7.6000
74.7010 949.3754 7.6000
74.8010 948.6154 7.6000
74.9010 947.8554 7.6000
75.0010 947.0954 7.6000
75.1010 946.3354 7.6000
75.2010 945.5754 7.6000
75.3010 944.8154 7.6000
75.4010 944.0554 7.6000
75.5010 943.2954 7.6000
75.6010 942.5354 7.6000
75.7010 941.7754 7.6000
75.8010 941.0154 7.6000
75.9010 940.2554 7.6000
76.0010 939.4954 7.6000
76.1010 938.7354 7.6000
76.2010 937.9754 7.6000
76.3010 937.2154 7.6000
76.4010 936.4554 7.6000
76.5010 935.6954 7.6000
76.6010 934.9354 7.6000
76.7010 934.1754 7.6000
76.8010 933.4154 7.6000
76.9010 932.6554 7.6000
77.0010 931.8954 7.6000
77.1010 931.1354 7.6000
77.2010 930.3754 7.6000
77.3010 929.6154 7.6000
77.4010 928.8554 7.6000
77.5010 928.0954 7.6000
77.6010 927.3354 7.6000
77.7010 926.5754 7.6000
77.8010 925.8154 7.6000
77.9010 925.0554 7.6000
78.0010 924.2954 7.6000
78.1010 923.5354 7.6000
78.2010 922.7754 7.6000
78.3010 922.0154 7.6000
78.4010 921.2554 7.6000
78.5010 920.4954 7.6000
78.6010 919.7354 7.6000
78.7010 918.9754 7.6000
78.8010 918.2154 7.6000
78.9010 917.4554 7.6000
79.0010 916.6954 7.6000
79.1010 915.9354 7.6000
79.2010 915.1754 7.6000
79.3010 914.4154 7.6000
79.4010 913.6554 7.6000
79.5010 912.8954 7.6000
79.6010 912.1354 7.6000
79.7010 911.3754 7.6000
79.8010 910.6154 7.6000
79.9010 909.8554 7.6000
80.0010 909.0954 7.6000
80.1010 908.3354 7.6000
80.2010 907.5754 7.6000
80.3010 906.8154 7.6000
80.4010 906.0554 7.6000
80.5010 905.2954 7.6000
80.6010 904.5354 7.6000
80.7010 903.7754 7.6000
80.8010 903.0154 7.6000
80.9010 902.2554 7.6000
81.0010 901.4954 7.6000
81.1010 900.7354 7.6000
81.2010 899.9754 7.6000
81.3010 899.2154 7.6000
81.4010 898.4554 7.6000
81.5010 897.6954 7.6000
81.6010 896.9354 7.6000
81.7010 896.1754 7.6000
81.8010 895.4154 7.6000
81.9010 894.6554 7.6000
82.0010 893.8954 7.6000
82.1010 893.1354 7.6000
82.2010 892.3754 7.6000
82.3010 891.6154 7.6000
82.4010 890.8554 7.6000
82.5010 890.0954 7.6000
82.6010 889.3354 7.6000
82.7010 888.5754 7.6000
82.8010 887.8154 7.6000
82.9010 887.0554 7.6000
83.0010 886.2954 7.6000
83.1010 885.5354 7.6000
83.2010 884.7754 7.6000
83.3010 884.0154 7.6000
83.4010 883.2554 7.6000
83.5010 882.4954 7.6000
83.6010 881.7354 7.6000
83.7010 880.9754 7.6000
83.8010 880.2154 7.6000
83.9010 879.4554 7.6000
84.0010 878.6954 7.6000
84.1010 877.9354 7.6000
84.2010 877.1754 7.6000
84.3010 876.4154 7.6000
84.4010 875.6554 7.6000
84.5010 874.8954 7.6000
84.6010 874.1354 7.6000
84.7010 873.3754 7.6000
84.8010 872.6154 7.6000
84.9010 871.8554 7.6000
85.0010 871.0954 7.6000
85.1010 870.3354 7.6000
85.2010 869.5754 7.6000
85.3010 868.8154 7.6000
85.4010 868.0554 7.6000
85.5010 867.2954 7.6000
85.6010 866.5354 7.6000
85.7010 865.7754 7.6000
85.8010 865.0154 7.6000
85.9010 864.2554 7.6000
86.0010 863.4954 7.6000
86.1010 862.7354 7.6000
86.2010 861.9754 7.6000
86.3010 861.2154 7.6000
86.4010 860.4554 7.6000
86.5010 859.6954 7.6000
86.6010 858.9354 7.6000
86.7010 858.1754 7.6000
86.8010 857.4154 7.6000
86.9010 856.6554 7.6000
87.0010 855.8954 7.6000
87.1010 855.1354 7.6000
87.2010 854.3754 7.6000
87.3010 853.6154 7.6000
87.4010 852.8554 7.6000
87.5010 852.0954 7.6000
87.6010 851.3354 7.6000
87.7010 850.5754 7.6000
87.8010 849.8154 7.6000
87.9010 849.0554 7.6000
88.0010 848.2954 7.6000
88.1010 847.5354 7.6000
88.2010 846.7754 7.6000
88.3010 846.0154 7.6000
88.4010 845.2554 7.6000
88.5010 844.4954 7.6000
88.6010 843.7354 7.6000
88.7010 842.9754 7.6000
88.8010 842.2154 7.6000
88.9010 841.4554 7.6000
89.0010 840.6954 7.6000
89.1010 839.9354 7.6000
89.2010 839.1754 7.6000
89.3010 838.4154 7.6000
89.4010 837.6554 7.6000
89.5010 836.8954 7.6000
89.6010 836.1354 7.6000
89.7010 835.3754 7.6000
89.8010 834.6154 7.6000
89.9010 833.8554 7.6000
90.0010 833.0954 7.6000
90.1010 832.3354 7.6000
90.2010 831.5754 7.6000
90.3010 830.8154 7.6000
90.4010 830.0554 7.6000
90.5010 829.2954 7.6000
90.6010 828.5354 7.6000
90.7010 827.7754 7.6000
90.8010 827.0154 7.6000
90.9010 826.2554 7.6000
91.0010 825.4954 7.6000
91.1010 824.7354 7.6000
91.2010 823.9754 7.6000
91.3010 823.2154 7.6000
91.4010 822.4554 7.6000
91.5010 821.6954 7.6000
91.6010 820.9354 7.6000
91.7010 820.1754 7.6000
91.8010 819.4154 7.6000
91.9010 818.6554 7.6000
92.0010 817.8954 7.6000
92.1010 817.1354 7.6000
92.2010 816.3754 7.6000
92.3010 815.6154 7.6000
92.4010 814.8554 7.6000
92.5010 814.0954 7.6000
92.6010 813.3354 7.6000
92.7010 812.5754 7.6000
92.8010 811.8154 7.6000
92.9010 811.0554 7.6000
93.0010 810.2954 7.6000
93.1010 809.5354 7.6000
93.2010 808.7754 7.6000
93.3010 808.0154 7.6000
93.4010 807.2554 7.6000
93.5010 806.4954 7.6000
93.6010 805.7354 7.6000
93.7010 804.9754 7.6000
93.8010 804.2154 7.6000
93.9010 803.4554 7.6000
94.0010 802.6954 7.6000
94.1010 801.9354 7.6000
94.2010 801.1754 7.6000
94.3010 800.4154 7.6000
94.4010 799.6554 7.6000
94.5010 798.8954 7.6000
94.6010 798.1354 7.6000
94.7010 797.3754 7.6000
94.8010 796.6154 7.6000
94.9010 795.8554 7.6000
95.0010 795.0954 7.6000
95.1010 794.3354 7.6000
95.2010 793.5754 7.6000
95.3010 792.8154 7.6000
95.4010 792.0554 7.6000
95.5010 791.2954 7.6000
95.6010 790.5354 7.6000
95.7010 789.7754 7.6000
95.8010 789.0154 7.6000
95.9010 788.2554 7.6000
96.0010 787.4954 7.6000
96.1010 786.7354 7.6000
96.2010 785.9754 7.6000
96.3010 785.2154 7.6000
96.4010 784.4554 7.6000
96.5010 783.6954 7.6000
96.6010 782.9354 7.6000
96.7010 782.1754 7.6000
96.8010 781.4154 7.6000
96.9010 780.6554 7.6000
97.0010 779.8954 7.6000
97.1010 779.1354 7.6000
97.2010 778.3754 7.6000
97.3010 777.6154 7.6000
97.4010 776.8554 7.6000
97.5010 776.0954 7.6000
97.6010 775.3354 7.6000
97.7010 774.5754 7.6000
97.8010 773.8154 7.6000
97.9010 773.0554 7.6000
98.0010 772.2954 7.6000
98.1010 771.5354 7.6000
98.2010 770.7754 7.6000
98.3010 770.0154 7.6000
98.4010 769.2554 7.6000
98.5010 768.4954 7.6000
98.6010 767.7354 7.6000
98.7010 766.9754 7.6000
98.8010 766.2154 7.6000
98.9010 765.4554 7.6000
99.0010 764.6954 7.6000
99.1010 763.9354 7.6000
99.2010 763.1754 7.6000
99.3010 762.4154 7.6000
99.4010 761.6554 7.6000
99.5010 760.8954 7.6000
99.6010 760.1354 7.6000
99.7010 759.3754 7.6000
99.8010 758.6154 7.6000
99.9010 757.8554 7.6000
100.0010 757.0954 7.6000
100.1010 756.3354 7.6000
100.2010 755.5754 7.6000
100.3010 754.8154 7.6000
100.4010 754.0554 7.6000
100.5010 753.2954 7.6000
100.6010 752.5354 7.6000
100.7010 751.7754 7.6000
100.8010 751.0154 7.6000
100.9010 750.2554 7.6000
101.0010 749.4954 7.6000
101.1010 748.7354 7.6000
101.2010 747.9754 7.6000
101.3010 747.2154 7.6000
101.4010 746.4554 7.6000
101.5010 745.6954 7.6000
101.6010 744.9354 7.6000
101.7010 744.1754 7.6000
101.8010 743.4154 7.6000
101.9010 742.6554 7.6000
102.0010 741.8954 7.6000
102.1010 741.1354 7.6000
102.2010 740.3754 7.6000
102.3010 739.6154 7.6000
102.4010 738.8554 7.6000
102.5010 738.0954 7.6000
102.6010 737.3354 7.6000
102.7010 736.5754 7.6000
102.8010 735.8154 7.6000
102.9010 735.0554 7.6000
103.0010 734.2954 7.6000
103.1010 733.5354 7.6000
103.2010 732.7754 7.6000
103.3010 732.0154 7.6000
103.4010 731.2554 7.6000
103.5010 730.4954 7.6000
103.6010 729.7354 7.6000
103.7010 728.9754 7.6000
103.8010 728.2154 7.6000
103.9010 727.4554 7.6000
104.0010 726.6954 7.6000
104.1010 725.9354 7.6000
104.2010 725.1754 7.6000
104.3010 724.4154 7.6000
104.4010 723.6554 7.6000
104.5010 722.8954 7.6000
104.6010 722.1354 7.6000
104.7010 721.3754 7.6000
104.8010 720.6154 7.6000
104.9010 719.8554 7.6000
105.0010 719.0954 7.6000
105.1010 718.3354 7.6000
105.2010 717.5754 7.6000
105.3010 716.8154 7.6000
105.4010 716.0554 7.6000
105.5010 715.2954 7.6000
105.6010 714.5354 7.6000
105.7010 713.7754 7.6000
105.8010 713.0154 7.6000
105.9010 712.2554 7.6000
106.0010 711.4954 7.6000
106.1010 710.7354 7.6000
106.2010 709.9754 7.6000
106.3010 709.2154 7.6000
106.4010 708.4554 7.6000
106.5010 707.6954 7.6000
106.6010 706.9354 7.6000
106.7010 706.1754 7.6000
106.8010 705.4154 7.6000
106.9010 704.6554 7.6000
107.0010 703.8954 7.6000
107.1010 703.1354 7.6000
107.2010 702.3754 7.6000
107.3010 701.6154 7.6000
107.4010 700.8554 7.6000
107.5010 700.0954 7.6000
107.6010 699.3354 7.6000
107.7010 698.5754 7.6000
107.8010 697.8154 7.6000
107.9010 697.0554 7.6000
108.0010 696.2954 7.6000
108.1010 695.5354 7.6000
108.2010 694.7754 7.6000
108.3010 694.0154 7.6000
108.4010 693.2554 7.6000
108.5010 692.4954 7.6000
108.6010 691.7354 7.6000
108.7010 690.9754 7.6000
108.8010 690.2154 7.6000
108.9010 689.4554 7.6000
109.0010 688.6954 7.6000
109.1010 687.9354 7.6000
109.2010 687.1754 7.6000
109.3010 686.4154 7.6000
109.4010 685.6554 7.6000
109.5010 684.8954 7.6000
109.6010 684.1354 7.6000
109.7010 683.3754 7.6000
109.8010 682.6154 7.6000
109.9010 681.8554 7.6000
110.0010 681.0954 7.6000
110.1010 680.3354 7.6000
110.2010 679.5754 7.6000
110.3010 678.8154 7.6000
110.4010 678.0554 7.6000
110.5010 677.2954 7.6000
110.6010 676.5354 7.6000
110.7010 675.7754 7.6000
110.8010 675.0154 7.6000
110.9010 674.2554 7.6000
111.0010 673.4954 7.6000
111.1010 672.7354 7.6000
111.2010 671.9754 7.6000
111.3010 671.2154 7.6000
111.4010 670.4554 7.6000
111.5010 669.6954 7.6000
111.6010 668.9354 7.6000
111.7010 668.1754 7.6000
111.8010 667.4154 7.6000
111.9010 666.6554 7.6000
112.0010 665.8954 7.6000
112.1010 665.1354 7.6000
112.2010 664.3754 7.6000
112.3010 663.6154 7.6000
112.4010 662.8554 7.6000
112.5010 662.0954 7.6000
112.6010 661.3354 7.6000
112.7010 660.5754 7.6000
112.8010 659.8154 7.6000
112.9010 659.0554 7.6000
113.0010 658.2954 7.6000
113.1010 657.5354 7.6000
113.2010 656.7754 7.6000
113.3010 656.0154 7.6000
113.4010 655.2554 7.6000
113.5010 654.4954 7.6000
113.6010 653.7354 7.6000
113.7010 652.9754 7.6000
113.8010 652.2154 7.6000
113.9010 651.4554 7.6000
114.0010 650.6954 7.6000
114.1010 649.9354 7.6000
114.2010 649.1754 7.6000
114.3010 648.4154 7.6000
114.4010 647.6554 7.6000
114.5010 646.8954 7.6000
114.6010 646.1354 7.6000
114.7010 645.3754 7.6000
114.8010 644.6154 7.6000
114.9010 643.8554 7.6000
115.0010 643.0954 7.6000
115.1010 642.3354 7.6000
115.2010 641.5754 7.6000
115.3010 640.8154 7.6000
115.4010 640.0554 7.6000
115.5010 639.2954 7.6000
115.6010 638.5354 7.6000
115.7010 637.7754 7.6000
115.8010 637.0154 7.6000
115.9010 636.2554 7.6000
116.0010 635.4954 7.6000
116.1010 634.7354 7.6000
116.2010 633.9754 7.6000
116.3010 633.2154 7.6000
116.4010 632.4554 7.6000
116.5010 631.6954 7.6000
116.6010 630.9354 7.6000
116.7010 630.1754 7.6000
116.8010 629.4154 7.6000
116.9010 628.6554 7.6000
117.0010 627.8954 7.6000
117.1010 627.1354 7.6000
117.2010 626.3754 7.6000
117.3010 625.6154 7.6000
117.4010 624.8554 7.6000
117.5010 624.0954 7.6000
117.6010 623.3354 7.6000
117.7010 622.5754 7.6000
117.8010 621.8154 7.6000
117.9010 621.0554 7.6000
118.0010 620.2954 7.6000
118.1010 619.5354 7.6000
118.2010 618.7754 7.6000
118.3010 618.0154 7.6000
118.4010 617.2554 7.6000
118.5010 616.4954 7.6000
118.6010 615.7354 7.6000
118.7010 614.9754 7.6000
118.8010 614.2154 7.6000
118.9010 613.4554 7.6000
119.0010 612.6954 7.6000
119.1010 611.9354 7.6000
119.2010 611.1754 7.6000
119.3010 610.4154 7.6000
119.4010 609.6554 7.6000
119.5010 608.8954 7.6000
119.6010 608.1354 7.6000
119.7010 607.3754 7.6000
119.8010 606.6154 7.6000
119.9010 605.8554 7.6000
120.0010 605.0954 7.6000
120.1010 604.3354 7.6000
120.2010 603.5754 7.6000
120.3010 602.8154 7.6000
120.4010 602.0554 7.6000
120.5010 601.2954 7.6000
120.6010 600.5354 7.6000
120.7010 599.7754 7.6000
120.8010 599.0154 7.6000
120.9010 598.2554 7.6000
121.0010 597.4954 7.6000
121.1010 596.7354 7.6000
121.2010 595.9754 7.6000
121.3010 595.2154 7.6000
121.4010 594.4554 7.6000
121.5010 593.6954 7.6000
121.6010 592.9354 7.6000
121.7010 592.1754 7.6000
121.8010 591.4154 7.6000
121.9010 590.6554 7.6000
122.0010 589.8954 7.6000
122.1010 589.1354 7.6000
122.2010 588.3754 7.6000
122.3010 587.6154 7.6000
122.4010 586.8554 7.6000
122.5010 586.0954 7.6000
122.6010 585.3354 7.6000
122.7010 584.5754 7.6000
122.8010 583.8154 7.6000
122.9010 583.0554 7.6000
123.0010 582.2954 7.6000
123.1010 581.5354 7.6000
123.2010 580.7754 7.6000
123.3010 580.0154 7.6000
123.4010 579.2554 7.6000
123.5010 578.4954 7.6000
123.6010 577.7354 7.6000
123.7010 576.9754 7.6000
123.8010 576.2154 7.6000
123.9010 575.4554 7.6000
124.0010 574.6954 7.6000
124.1010 573.9354 7.6000
124.2010 573.1754 7.6000
124.3010 572.4154 7.6000
124.4010 571.6554 7.6000
124.5010 570.8954 7.6000
124.6010 570.1354 7.6000
124.7010 569.3754 7.6000
124.8010 568.6154 7.6000
124.9010 567.8554 7.6000
125.0010 567.0954 7.6000
125.1010 566.3354 7.6000
125.2010 565.5754 7.6000
125.3010 564.8154 7.6000
125.4010 564.0554 7.6000
125.5010 563.2954 7.6000
125.6010 562.5354 7.6000
125.7010 561.7754 7.6000
125.8010 561.0154 7.6000
125.9010 560.2554 7.6000
126.0010 559.4954 7.6000
126.1010 558.7354 7.6000
126.2010 557.9754 7.6000
126.3010 557.2154 7.6000
126.4010 556.4554 7.6000
126.5010 555.6954 7.6000
126.6010 554.9354 7.6000
126.7010 554.1754 7.6000
126.8010 553.4154 7.6000
126.9010 552.6554 7.6000
127.0010 551.8954 7.6000
127.1010 551.1354 7.6000
127.2010 550.3754 7.6000
127.3010 549.6154 7.6000
127.4010 548.8554 7.6000
127.5010 548.0954 7.6000
127.6010 547.3354 7.6000
127.7010 546.5754 7.6000
127.8010 545.8154 7.6000
127.9010 545.0554 7.6000
128.0010 544.2954 7.6000
128.1010 543.5354 7.6000
128.2010 542.7754 7.6000
128.3010 542.0154 7.6000
128.4010 541.2554 7.6000
128.5010 540.4954 7.6000
128.6010 539.7354 7.6000
128.7010 538.9754 7.6000
128.8010 538.2154 7.6000
128.9010 537.4554 7.6000
129.0010 536.6954 7.6000
129.1010 535.9354 7.6000
129.2010 535.1754 7.6000
129.3010 534.4154 7.6000
129.4010 533.6554 7.6000
129.5010 532.8954 7.6000
129.6010 532.1354 7.6000
129.7010 531.3754 7.6000
129.8010 530.6154 7.6000
129.9010 529.8554 7.6000
130.0010 529.0954 7.6000
130.1010 528.3354 7.6000
130.2010 527.5754 7.6000
130.3010 526.8154 7.6000
130.4010 526.0554 7.6000
130.5010 525.2954 7.6000
130.6010 524.5354 7.6000
130.7010 523.7754 7.6000
130.8010 523.0154 7.6000
130.9010 522.2554 7.6000
131.0010 521.4954 7.6000
131.1010 520.7354 7.6000
131.2010 519.9754 7.6000
131.3010 519.2154 7.6000
131.4010 518.4554 7.6000
131.5010 517.6954 7.6000
131.6010 516.9354 7.6000
131.7010 516.1754 7.6000
131.8010 515.4154 7.6000
131.9010 514.6554 7.6000
132.0010 513.8954 7.6000
132.1010 513.1354 7.6000
132.2010 512.3754 7.6000
132.3010 511.6154 7.6000
132.4010 510.8554 7.6000
132.5010 510.0954 7.6000
132.6010 509.3354 7.6000
132.7010 508.5754 7.6000
132.8010 507.8154 7.6000
132.9010 507.0554 7.6000
133.0010 506.2954 7.6000
133.1010 505.5354 7.6000
133.2010 504.7754 7.6000
133.3010 504.0154 7.6000
133.4010 503.2554 7.6000
133.5010 502.4954 7.6000
133.6010 501.7354 7.6000
133.7010 500.9754 7.6000
133.8010 500.2154 7.6000
133.9010 499.4554 7.6000
134.0010 498.6954 7.6000
134.1010 497.9354 7.6000
134.2010 497.1754 7.6000
134.3010 496.4154 7.6000
134.4010 495.6554 7.6000
134.5010 494.8954 7.6000
134.6010 494.1354 7.6000
134.7010 493.3754 7.6000
134.8010 492.6154 7.6000
134.9010 491.8554 7.6000
135.0010 491.0954 7.6000
135.1010 490.3354 7.6000
135.2010 489.5754 7.6000
135.3010 488.8154 7.6000
135.4010 488.0554 7.6000
135.5010 487.2954 7.6000
135.6010 486.5354 7.6000
135.7010 485.7754 7.6000
135.8010 485.0154 7.6000
135.9010 484.2554 7.6000
136.0010 483.4954 7.6000
136.1010 482.7354 7.6000
136.2010 481.9754 7.6000
136.3010 481.2154 7.6000
136.4010 480.4554 7.6000
136.5010 479.6954 7.6000
136.6010 478.9354 7.6000
136.7010 478.1754 7.6000
136.8010 477.4154 7.6000
136.9010 476.6554 7.6000
137.0010 475.8954 7.6000
137.1010 475.1354 7.6000
137.2010 474.3754 7.6000
137.3010 473.6154 7.6000
137.4010 472.8554 7.6000
137.5010 472.0954 7.6000
137.6010 471.3354 7.6000
137.7010 470.5754 7.6000
137.8010 469.8154 7.6000
137.9010 469.0554 7.6000
138.0010 468.2954 7.6000
138.1010 467.5354 7.6000
138.2010 466.7754 7.6000
138.3010 466.0154 7.6000
138.4010 465.2554 7.6000
138.5010 464.4954 7.6000
138.6010 463.7354 7.6000
138.7010 462.9754 7.6000
138.8010 462.2154 7.6000
138.9010 461.4554 7.6000
139.0010 460.6954 7.6000
139.1010 459.9354 7.6000
139.2010 459.1754 7.6000
139.3010 458.4154 7.6000
139.4010 457.6554 7.6000
139.5010 456.8954 7.6000
139.6010 456.1354 7.6000
139.7010 455.3754 7.6000
139.8010 454.6154 7.6000
139.9010 453.8554 7.6000
140.0010 453.0954 7.6000
140.1010 452.3354 7.6000
140.2010 451.5754 7.6000
140.3010 450.8154 7.6000
140.4010 450.0554 7.6000
140.5010 449.2954 7.6000
140.6010 448.5354 7.6000
140.7010 447.7754 7.6000
140.8010 447.0154 7.6000
140.9010 446.2554 7.6000
141.0010 445.4954 7.6000
141.1010 444.7354 7.6000
141.2010 443.9754 7.6000
141.3010 443.2154 7.6000
141.4010 442.4554 7.6000
141.5010 441.6954 7.6000
141.6010 440.9354 7.6000
141.7010 440.1754 7.6000
141.8010 439.4154 7.6000
141.9010 438.6554 7.6000
142.0010 437.8954 7.6000
142.1010 437.1354 7.6000
142.2010 436.3754 7.6000
142.3010 435.6154 7.6000
142.4010 434.8554 7.6000
142.5010 434.0954 7.6000
142.6010 433.3354 7.6000
142.7010 432.5754 7.6000
142.8010 431.8154 7.6000
142.9010 431.0554 7.6000
143.0010 430.2954 7.6000
143.1010 429.5354 7.6000
143.2010 428.7754 7.6000
143.3010 428.0154 7.6000
143.4010 427.2554 7.6000
143.5010 426.4954 7.6000
143.6010 425.7354 7.6000
143.7010 424.9754 7.6000
143.8010 424.2154 7.6000
143.9010 423.4554 7.6000
144.0010 422.6954 7.6000
144.1010 421.9354 7.6000
144.2010 421.1754 7.6000
144.3010 420.4154 7.6000
144.4010 419.6554 7.6000
144.5010 418.8954 7.6000
144.6010 418.1354 7.6000
144.7010 417.3754 7.6000
144.8010 416.6154 7.6000
144.9010 415.8554 7.6000
145.0010 415.0954 7.6000
145.1010 414.3354 7.6000
145.2010 413.5754 7.6000
145.3010 412.8154 7.6000
145.4010 412.0554 7.6000
145.5010 411.2954 7.6000
145.6010 410.5354 7.6000
145.7010 409.7754 7.6000
145.8010 409.0154 7.6000
145.9010 408.2554 7.6000
146.0010 407.4954 7.6000
146.1010 406.7354 7.6000
146.2010 405.9754 7.6000
146.3010 405.2154 7.6000
146.4010 404.4554 7.6000
146.5010 403.6954 7.6000
146.6010 402.9354 7.6000
146.7010 402.1754 7.6000
146.8010 401.4154 7.6000
146.9010 400.6554 7.6000
147.0010 399.8954 7.6000
147.1010 399.1354 7.6000
147.2010 398.3754 7.6000
147.3010 397.6154 7.6000
147.4010 396.8554 7.6000
147.5010 396.0954 7.6000
147.6010 395.3354 7.6000
147.7010 394.5754 7.6000
147.8010 393.8154 7.6000
147.9010 393.0554 7.6000
148.0010 392.2954 7.6000
148.1010 391.5354 7.6000
148.2010 390.7754 7.6000
148.3010 390.0154 7.6000
148.4010 389.2554 7.6000
148.5010 388.4954 7.6000
148.6010 387.7354 7.6000
148.7010 386.9754 7.6000
148.8010 386.2154 7.6000
148.9010 385.4554 7.6000
149.0010 384.6954 7.6000
149.1010 383.9354 7.6000
149.2010 383.1754 7.6000
149.3010 382.4154 7.6000
149.4010 381.6554 7.6000
149.5010 380.8954 7.6000
149.6010 380.1354 7.6000
149.7010 379.3754 7.6000
149.8010 378.6154 7.6000
149.9010 377.8554 7.6000
150.0010 377.0954 7.6000
150.1010 376.3354 7.6000
150.2010 375.5754 7.6000
150.3010 374.8154 7.6000
150.4010 374.0554 7.6000
150.5010 373.2954 7.6000
150.6010 372.5354 7.6000
150.7010 371.7754 7.6000
150.8010 371.0154 7.6000
150.9010 370.2554 7.6000
151.0010 369.4954 7.6000
151.1010 368.7354 7.6000
151.2010 367.9754 7.6000
151.3010 367.2154 7.6000
151.4010 366.4554 7.6000
151.5010 365.6954 7.6000
151.6010 364.9354 7.6000
151.7010 364.1754 7.6000
151.8010 363.4154 7.6000
151.9010 362.6554 7.6000
152.0010 361.8954 7.6000
152.1010 361.1354 7.6000
152.2010 360.3754 7.6000
152.3010 359.6154 7.6000
152.4010 358.8554 7.6000
152.5010 358.0954 7.6000
152.6010 357.3354 7.6000
152.7010 356.5754 7.6000
152.8010 355.8154 7.6000
152.9010 355.0554 7.6000
153.0010 354.2954 7.6000
153.1010 353.5354 7.6000
153.2010 352.7754 7.6000
153.3010 352.0154 7.6000
153.4010 351.2554 7.6000
153.5010 350.4954 7.6000
153.6010 349.7354 7.6000
153.7010 348.9754 7.6000
153.8010 348.2154 7.6000
153.9010 347.4554 7.6000
154.0010 346.6954 7.6000
154.1010 345.9354 7.6000
154.2010 345.1754 7.6000
154.3010 344.4154 7.6000
154.4010 343.6554 7.6000
154.5010 342.8954 7.6000
154.6010 342.1354 7.6000
154.7010 341.3754 7.6000
154.8010 340.6154 7.6000
154.9010 339.8554 7.6000
155.0010 339.0954 7.6000
155.1010 338.3354 7.6000
155.2010 337.5754 7.6000
155.3010 336.8154 7.6000
155.4010 336.0554 7.6000
155.5010 335.2954 7.6000
155.6010 334.5354 7.6000
155.7010 333.7754 7.6000
155.8010 333.0154 7.6000
155.9010 332.2554 7.6000
156.0010 331.4954 7.6000
156.1010 330.7354 7.6000
156.2010 329.9754 7.6000
156.3010 329.2154 7.6000
156.4010 328.4554 7.6000
156.5010 327.6954 7.6000
156.6010 326.9354 7.6000
156.7010 326.1754 7.6000
156.8010 325.4154 7.6000
156.9010 324.6554 7.6000
157.0010 323.8954 7.6000
157.1010 323.1354 7.6000
157.2010 322.3754 7.6000
157.3010 321.6154 7.6000
157.4010 320.8554 7.6000
157.5010 320.0954 7.6000
157.6010 319.3354 7.6000
157.7010 318.5754 7.6000
157.8010 317.8154 7.6000
157.9010 317.0554 7.6000
158.0010 316.2954 7.6000
158.1010 315.5354 7.6000
158.2010 314.7754 7.6000
158.3010 314.0154 7.6000
158.4010 313.2554 7.6000
158.5010 312.4954 7.6000
158.6010 311.7354 7.6000
158.7010 310.9754 7.6000
158.8010 310.2154 7.6000
158.9010 309.4554 7.6000
159.0010 308.6954 7.6000
159.1010 307.9354 7.6000
159.2010 307.1754 7.6000
159.3010 306.4154 7.6000
159.4010 305.6554 7.6000
159.5010 304.8954 7.6000
159.6010 304.1354 7.6000
159.7010 303.3754 7.6000
159.8010 302.6154 7.6000
159.9010 301.8554 7.6000
160.0010 301.0954 7.6000
160.1010 300.3354 7.6000
160.2010 299.5754 7.6000
160.3010 298.8154 7.6000
160.4010 298.0554 7.6000
160.5010 297.2954 7.6000
160.6010 296.5354 7.6000
160.7010 295.7754 7.6000
160.8010 295.0154 7.6000
160.9010 294.2554 7.6000
161.0010 293.4954 7.6000
161.1010 292.7354 7.6000
161.2010 291.9754 7.6000
161.3010 291.2154 7.6000
161.4010 290.4554 7.6000
161.5010 289.6954 7.6000
161.6010 288.9354 7.6000
161.7010 288.1754 7.6000
161.8010 287.4154 7.6000
161.9010 286.6554 7.6000
162.0010 285.8954 7.6000
162.1010 285.1354 7.6000
162.2010 284.3754 7.6000
162.3010 283.6154 7.6000
162.4010 282.8554 7.6000
162.5010 282.0954 7.6000
162.6010 281.3354 7.6000
162.7010 280.5754 7.6000
162.8010 279.8154 7.6000
162.9010 279.0554 7.6000
163.0010 278.2954 7.6000
163.1010 277.5354 7.6000
163.2010 276.7754 7.6000
163.3010 276.0154 7.6000
163.4010 275.2554 7.6000
163.5010 274.4954 7.6000
163.6010 273.7354 7.6000
163.7010 272.9754 7.6000
163.8010 272.2154 7.6000
163.9010 271.4554 7.6000
164.0010 270.6954 7.6000
164.1010 269.9354 7.6000
164.2010 269.1754 7.6000
164.3010 268.4154 7.6000
164.4010 267.6554 7.6000
164.5010 266.8954 7.6000
164.6010 266.1354 7.6000
164.7010 265.3754 7.6000
164.8010 264.6154 7.6000
164.9010 263.8554 7.6000
165.0010 263.0954 7.6000
165.1010 262.3354 7.6000
165.2010 261.5754 7.6000
165.3010 260.8154 7.6000
165.4010 260.0554 7.6000
165.5010 259.2954 7.6000
165.6010 258.5354 7.6000
165.7010 257.7754 7.6000
165.8010 257.0154 7.6000
165.9010 256.2554 7.6000
166.0010 255.4954 7.6000
166.1010 254.7354 7.6000
166.2010 253.9754 7.6000
166.3010 253.2154 7.6000
166.4010 252.4554 7.6000
166.5010 251.6954 7.6000
166.6010 250.9354 7.6000
166.7010 250.1754 7.6000
166.8010 249.4154 7.6000
166.9010 248.6554 7.6000
167.0010 247.8954 7.6000
167.1010 247.1354 7.6000
167.2010 246.3754 7.6000
167.3010 245.6154 7.6000
167.4010 244.8554 7.6000
167.5010 244.0954 7.6000
167.6010 243.3354 7.6000
167.7010 242.5754 7.6000
167.8010 241.8154 7.6000
167.9010 241.0554 7.6000
168.0010 240.2954 7.6000
168.1010 239.5354 7.6000
168.2010 238.7754 7.6000
168.3010 238.0154 7.6000
168.4010 237.2554 7.6000
168.5010 236.4954 7.6000
168.6010 235.7354 7.6000
168.7010 234.9754 7.6000
168.8010 234.2154 7.6000
168.9010 233.4554 7.6000
169.0010 232.6954 7.6000
169.1010 231.9354 7.6000
169.2010 231.1754 7.6000
169.3010 230.4154 7.6000
169.4010 229.6554 7.6000
169.5010 228.8954 7.6000
169.6010 228.1354 7.6000
169.7010 227.3754 7.6000
169.8010 226.6154 7.6000
169.9010 225.8554 7.6000
170.0010 225.0954 7.6000
170.1010 224.3354 7.6000
170.2010 223.5754 7.6000
170.3010 222.8154 7.6000
170.4010 222.0554 7.6000
170.5010 221.2954 7.6000
170.6010 220.5354 7.6000
170.7010 219.7754 7.6000
170.8010 219.0154 7.6000
170.9010 218.2554 7.6000
171.0010 217.4954 7.6000
171.1010 216.7354 7.6000
171.2010 215.9754 7.6000
171.3010 215.2154 7.6000
171.4010 214.4554 7.6000
171.5010 213.6954 7.6000
171.6010 212.9354 7.6000
171.7010 212.1754 7.6000
171.8010 211.4154 7.6000
171.9010 210.6554 7.6000
172.0010 209.8954 7.6000
172.1010 209.1354 7.6000
172.2010 208.3754 7.6000
172.3010 207.6154 7.6000
172.4010 206.8554 7.6000
172.5010 206.0954 7.6000
172.6010 205.3354 7.6000
172.7010 204.5754 7.6000
172.8010 203.8154 7.6000
172.9010 203.0554 7.6000
173.0010 202.2954 7.6000
173.1010 201.5354 7.6000
173.2010 200.7754 7.6000
173.3010 200.0154 7.6000
173.4010 199.2554 7.6000
173.5010 198.4954 7.6000
173.6010 197.7354 7.6000
173.7010 196.9754 7.6000
173.8010 196.2154 7.6000
173.9010 195.4554 7.6000
174.0010 194.6954 7.6000
174.1010 193.9354 7.6000
174.2010 193.1754 7.6000
174.3010 192.4154 7.6000
174.4010 191.6554 7.6000
174.5010 190.8954 7.6000
174.6010 190.1354 7.6000
174.7010 189.3754 7.6000
174.8010 188.6154 7.6000
174.9010 187.8554 7.6000
175.0010 187.0954 7.6000
175.1010 186.3354 7.6000
175.2010 185.5754 7.6000
175.3010 184.8154 7.6000
175.4010 184.0554 7.6000
175.5010 183.2954 7.6000
175.6010 182.5354 7.6000
175.7010 181.7754 7.6000
175.8010 181.0154 7.6000
175.9010 180.2554 7.6000
176.0010 179.4954 7.6000
176.1010 178.7354 7.6000
176.2010 177.9754 7.6000
176.3010 177.2154 7.6000
176.4010 176.4554 7.6000
176.5010 175.6954 7.6000
176.6010 174.9354 7.6000
176.7010 174.1754 7.6000
176.8010 173.4154 7.6000
176.9010 172.6554 7.6000
177.0010 171.8954 7.6000
177.1010 171.1354 7.6000
177.2010 170.3754 7.6000
177.3010 169.6154 7.6000
177.4010 168.8554 7.6000
177.5010 168.0954 7.6000
177.6010 167.3354 7.6000
177.7010 166.5754 7.6000
177.8010 165.8154 7.6000
177.9010 165.0554 7.6000
178.0010 164.2954 7.6000
178.1010 163.5354 7.6000
178.2010 162.7754 7.6000
178.3010 162.0154 7.6000
178.4010 161.2554 7.6000
178.5010 160.4954 7.6000
178.6010 159.7354 7.6000
178.7010 158.9754 7.6000
178.8010 158.2154 7.6000
178.9010 157.4554 7.6000
179.0010 156.6954 7.6000
179.1010 155.9354 7.6000
179.2010 155.1754 7.6000
179.3010 154.4154 7.6000
179.4010 153.6554 7.6000
179.5010 152.8954 7.6000
179.6010 152.1354 7.6000
179.7010 151.3754 7.6000
179.8010 150.6154 7.6000
179.9010 149.8554 7.6000
180.0010 149.0954 7.6000
180.1010 148.3354 7.6000
180.2010 147.5754 7.6000
180.3010 146.8154 7.6000
180.4010 146.0554 7.6000
180.5010 145.2954 7.6000
180.6010 144.5354 7.6000
180.7010 143.7754 7.6000
180.8010 143.0154 7.6000
180.9010 142.2554 7.6000
181.0010 141.4954 7.6000
181.1010 140.7354 7.6000
181.2010 139.9754 7.6000
181.3010 139.2154 7.6000
181.4010 138.4554 7.6000
181.5010 137.6954 7.6000
181.6010 136.9354 7.6000
181.7010 136.1754 7.6000
181.8010 135.4154 7.6000
181.9010 134.6554 7.6000
182.0010 133.8954 7.6000
182.1010 133.1354 7.6000
182.2010 132.3754 7.6000
182.3010 131.6154 7.6000
182.4010 130.8554 7.6000
182.5010 130.0954 7.6000
182.6010 129.3354 7.6000
182.7010 128.5754 7.6000
182.8010 127.8154 7.6000
182.9010 127.0554 7.6000
183.0010 126.2954 7.6000
183.1010 125.5354 7.6000
183.2010 124.7754 7.6000
183.3010 124.0154 7.6000
183.4010 123.2554 7.6000
183.5010 122.4954 7.6000
183.6010 121.7354 7.6000
183.7010 120.9754 7.6000
183.8010 120.2154 7.6000
183.9010 119.4554 7.6000
184.0010 118.6954 7.6000
184.1010 117.9354 7.6000
184.2010 117.1754 7.6000
184.3010 116.4154 7.6000
184.4010 115.6554 7.6000
184.5010 114.8954 7.6000
184.6010 114.1354 7.6000
184.7010 113.3754 7.6000
184.8010 112.6154 7.6000
184.9010 111.8554 7.6000
185.0010 111.0954 7.6000
185.1010 110.3354 7.6000
185.2010 109.5754 7.6000
185.3010 108.8154 7.6000
185.4010 108.0554 7.6000
185.5010 107.2954 7.6000
185.6010 106.5354 7.6000
185.7010 105.7754 7.6000
185.8010 105.0154 7.6000
185.9010 104.2554 7.6000
186.0010 103.4954 7.6000
186.1010 102.7354 7.6000
186.2010 101.9754 7.6000
186.3010 101.2154 7.6000
186.4010 100.4554 7.6000
186.5010 99.6954 7.6000
186.6010 98.9354 7.6000
186.7010 98.1754 7.6000
186.8010 97.4154 7.6000
186.9010 96.6554 7.6000
187.0010 95.8954 7.6000
187.1010 95.1354 7.6000
187.2010 94.3754 7.6000
187.3010 93.6154 7.6000
187.4010 92.8554 7.6000
187.5010 92.0954 7.6000
187.6010 91.3354 7.6000
187.7010 90.5754 7.6000
187.8010 89.8154 7.6000
187.9010 89.0554 7.6000
188.0010 88.2954 7.6000
188.1010 87.5354 7.6000
188.2010 86.7754 7.6000
188.3010 86.0154 7.6000
188.4010 85.2554 7.6000
188.5010 84.4954 7.6000
188.6010 83.7354 7.6000
188.7010 82.9754 7.6000
188.8010 82.2154 7.6000
188.9010 81.4554 7.6000
189.0010 80.6954 7.6000
189.1010 79.9354 7.6000
189.2010 79.1754 7.6000
189.3010 78.4154 7.6000
189.4010 77.6554 7.6000
189.5010 76.8954 7.6000
189.6010 76.1354 7.6000
189.7010 75.3754 7.6000
189.8010 74.6154 7.6000
189.9010 73.8554 7.6000
190.0010 73.0954 7.6000
190.1010 72.3354 7.6000
190.2010 71.5754 7.6000
190.3010 70.8154 7.6000
190.4010 70.0554 7.6000
190.5010 69.2954 7.6000
190.6010 68.5354 7.6000
190.7010 67.7754 7.6000
190.8010 67.0154 7.6000
190.9010 66.2554 7.6000
191.0010 65.4954 7.6000
191.1010 64.7354 7.6000
191.2010 63.9754 7.6000
191.3010 63.2154 7.6000
191.4010 62.4554 7.6000
191.5010 61.6954 7.6000
191.6010 60.9354 7.6000
191.7010 60.1754 7.6000
191.8010 59.4154 7.6000
191.9010 58.6554 7.6000
192.0010 57.8954 7.6000
192.1010 57.1354 7.6000
192.2010 56.3754 7.6000
192.3010 55.6154 7.6000
192.4010 54.8554 7.6000
192.5010 54.0954 7.6000
192.6010 53.3354 7.6000
192.7010 52.5754 7.6000
192.8010 51.8154 7.6000
192.9010 51.0554 7.6000
193.0010 50.2954 7.6000
193.1010 49.5354 7.6000
193.2010 48.7754 7.6000
193.3010 48.0154 7.6000
193.4010 47.2554 7.6000
193.5010 46.4954 7.6000
193.6010 45.7354 7.6000
193.7010 44.9754 7.6000
193.8010 44.2154 7.6000
193.9010 43.4554 7.6000
194.0010 42.6954 7.6000
194.1010 41.9354 7.6000
194.2010 41.1754 7.6000
194.3010 40.4154 7.6000
194.4010 39.6554 7.6000
194.5010 38.8954 7.6000
194.6010 38.1354 7.6000
194.7010 37.3754 7.6000
194.8010 36.6154 7.6000
194.9010 35.8554 7.6000
195.0010 35.0954 7.6000
195.1010 34.3354 7.6000
195.2010 33.5754 7.6000
195.3010 32.8154 7.6000
195.4010 32.0554 7.6000
195.5010 31.2954 7.6000
195.6010 30.5354 7.6000
195.7010 29.7754 7.6000
195.8010 29.0154 7.6000
195.9010 28.2554 7.6000
196.0010 27.4954 7.6000
196.1010 26.7354 7.6000
196.2010 25.9754 7.6000
196.3010 25.2154 7.6000
196.4010 24.4554 7.6000
196.5010 23.6954 7.6000
196.6010 22.9354 7.6000
196.7010 22.1754 7.6000
196.8010 21.4154 7.6000
196.9010 20.6554 7.6000
197.0010 19.8954 7.6000
197.1010 19.1354 7.6000
197.2010 18.3754 7.6000
197.3010 17.6154 7.6000
197.4010 16.8554 7.6000
197.5010 16.0954 7.6000
197.6010 15.3354 7.6000
197.7010 14.5754 7.6000
197.8010 13.8154 7.6000
197.9010 13.0554 7.6000
198.0010 12.2954 7.6000
198.1010 11.5354 7.6000
198.2010 10.7754 7.6000
198.3010 10.0154 7.6000
198.4010 9.2554 7.6000
198.5010 8.4954 7.6000
198.6010 7.7354 7.6000
198.7010 6.9754 7.6000
198.8010 6.2154 7.6000
198.9010 5.4554 7.6000
199.0010 4.6954 7.6000
199.1010 3.9354 7.6000
199.2010 3.1754 7.6000
199.3010 2.4154 7.6000
199.4010 1.6554 7.6000
199.5010 0.8954 7.6000
199.6010 0.1354 7.6000
199.7010 0.0000 7.6000
